mean_fit_time,mean_score_time,mean_test_score,mean_train_score,param_clf__criterion,param_clf__max_depth,param_clf__max_features,param_clf__max_leaf_nodes,param_clf__min_impurity_split,param_clf__min_samples_leaf,param_clf__min_samples_split,param_clf__min_weight_fraction_leaf,param_clf__n_estimators,param_union__abstractTokenizedAndLemmatized,param_union__abstractTokenizedAndLemmatized__select_chi2__k,param_union__abstractWordCount,param_union__char_ngrams,param_union__titleWordCount,param_union__title_keyword_vector,param_union__title_term_vector,param_union__word_ngrams,rank_test_score,split0_test_score,split0_train_score,split1_test_score,split1_train_score,split2_test_score,split2_train_score,std_fit_time,std_score_time,std_test_score,std_train_score
1.8523877461751301,0.37954068183898926,0.9220297029702971,0.9520395518802317,gini,12,log2,40,1e-05,3,5,0.0,600,Pipeline,12521,,,,,,,1,0.9277777777777778,0.9479553903345725,0.9182156133828996,0.9526901669758813,0.9200743494423792,0.9554730983302412,0.05004791446283981,0.061925145069848885,0.004142064616947446,0.003103380777909839
1.916694164276123,0.3224008083343506,0.9220297029702971,0.9520395518802317,gini,12,log2,40,1e-05,3,5,0.0,600,Pipeline,12081,,,,,,,1,0.9277777777777778,0.9479553903345725,0.9182156133828996,0.9526901669758813,0.9200743494423792,0.9554730983302412,0.0528793252665214,0.011389451402549327,0.004142064616947446,0.003103380777909839
1.8058120409647624,0.3610087235768636,0.9220297029702971,0.9520395518802317,gini,12,log2,40,1e-05,3,5,0.0,600,Pipeline,7461,,,,,,,1,0.9277777777777778,0.9479553903345725,0.9182156133828996,0.9526901669758813,0.9200743494423792,0.9554730983302412,0.03725026706542242,0.017579627092662444,0.004142064616947446,0.003103380777909839
1.9175726572672527,0.3304620583852132,0.9220297029702971,0.9520395518802317,gini,12,log2,40,1e-05,3,5,0.0,600,Pipeline,8401,,,,,,,1,0.9277777777777778,0.9479553903345725,0.9182156133828996,0.9526901669758813,0.9200743494423792,0.9554730983302412,0.062176657845407664,0.06411498770737198,0.004142064616947446,0.003103380777909839
1.8182086944580078,0.39261921246846515,0.9220297029702971,0.9520395518802317,gini,12,log2,40,1e-05,3,5,0.0,600,Pipeline,8621,,,,,,,1,0.9277777777777778,0.9479553903345725,0.9182156133828996,0.9526901669758813,0.9200743494423792,0.9554730983302412,0.06339772774491452,0.06066863702124964,0.004142064616947446,0.003103380777909839
1.8368127346038818,0.40040047963460285,0.9220297029702971,0.9520395518802317,gini,12,log2,40,1e-05,3,5,0.0,600,Pipeline,10141,,,,,,,1,0.9277777777777778,0.9479553903345725,0.9182156133828996,0.9526901669758813,0.9200743494423792,0.9554730983302412,0.10881564692742025,0.08878790523224668,0.004142064616947446,0.003103380777909839
1.8430922031402588,0.39610926310221356,0.9220297029702971,0.9520395518802317,gini,12,log2,40,1e-05,3,5,0.0,600,Pipeline,12481,,,,,,,1,0.9277777777777778,0.9479553903345725,0.9182156133828996,0.9526901669758813,0.9200743494423792,0.9554730983302412,0.041457466067421095,0.09815149148230301,0.004142064616947446,0.003103380777909839
1.9280254046122234,0.3329404989878337,0.9220297029702971,0.9520395518802317,gini,12,log2,40,1e-05,3,5,0.0,600,Pipeline,6661,,,,,,,1,0.9277777777777778,0.9479553903345725,0.9182156133828996,0.9526901669758813,0.9200743494423792,0.9554730983302412,0.09010204925758722,0.040961001627464376,0.004142064616947446,0.003103380777909839
1.8542904059092205,0.41993260383605957,0.9220297029702971,0.9520395518802317,gini,12,log2,40,1e-05,3,5,0.0,600,Pipeline,6081,,,,,,,1,0.9277777777777778,0.9479553903345725,0.9182156133828996,0.9526901669758813,0.9200743494423792,0.9554730983302412,0.14174654017098556,0.10302082184156439,0.004142064616947446,0.003103380777909839
1.9731896718343098,0.49404700597127277,0.9220297029702971,0.9520395518802317,gini,12,log2,40,1e-05,3,5,0.0,600,Pipeline,8801,,,,,,,1,0.9277777777777778,0.9479553903345725,0.9182156133828996,0.9526901669758813,0.9200743494423792,0.9554730983302412,0.05327334959144737,0.026884096402997146,0.004142064616947446,0.003103380777909839
2.0231208006540933,0.3729360103607178,0.9220297029702971,0.9520395518802317,gini,12,log2,40,1e-05,3,5,0.0,600,Pipeline,13661,,,,,,,1,0.9277777777777778,0.9479553903345725,0.9182156133828996,0.9526901669758813,0.9200743494423792,0.9554730983302412,0.18896614090365565,0.049530599528499177,0.004142064616947446,0.003103380777909839
1.8438767592112224,0.37996633847554523,0.9220297029702971,0.9520395518802317,gini,12,log2,40,1e-05,3,5,0.0,600,Pipeline,8521,,,,,,,1,0.9277777777777778,0.9479553903345725,0.9182156133828996,0.9526901669758813,0.9200743494423792,0.9554730983302412,0.041647518512804745,0.043019452511871135,0.004142064616947446,0.003103380777909839
2.2223124504089355,0.48799411455790204,0.9220297029702971,0.9520395518802317,gini,12,log2,40,1e-05,3,5,0.0,600,Pipeline,3221,,,,,,,1,0.9277777777777778,0.9479553903345725,0.9182156133828996,0.9526901669758813,0.9200743494423792,0.9554730983302412,0.04635176117960271,0.016681662930789504,0.004142064616947446,0.003103380777909839
2.2992183367411294,0.4485647678375244,0.9220297029702971,0.9520395518802317,gini,12,log2,40,1e-05,3,5,0.0,600,Pipeline,12721,,,,,,,1,0.9277777777777778,0.9479553903345725,0.9182156133828996,0.9526901669758813,0.9200743494423792,0.9554730983302412,0.048871177927830495,0.01776778092737826,0.004142064616947446,0.003103380777909839
2.301783243815104,0.44379377365112305,0.9220297029702971,0.9520395518802317,gini,12,log2,40,1e-05,3,5,0.0,600,Pipeline,2161,,,,,,,1,0.9277777777777778,0.9479553903345725,0.9182156133828996,0.9526901669758813,0.9200743494423792,0.9554730983302412,0.10407556860654171,0.02505758617317858,0.004142064616947446,0.003103380777909839
2.359452724456787,0.41741665204366046,0.9220297029702971,0.9520395518802317,gini,12,log2,40,1e-05,3,5,0.0,600,Pipeline,9781,,,,,,,1,0.9277777777777778,0.9479553903345725,0.9182156133828996,0.9526901669758813,0.9200743494423792,0.9554730983302412,0.05142695854365148,0.014395307744303892,0.004142064616947446,0.003103380777909839
2.242655356725057,0.4694199562072754,0.9220297029702971,0.9520395518802317,gini,12,log2,40,1e-05,3,5,0.0,600,Pipeline,9321,,,,,,,1,0.9277777777777778,0.9479553903345725,0.9182156133828996,0.9526901669758813,0.9200743494423792,0.9554730983302412,0.0358710790474116,0.02964869838383069,0.004142064616947446,0.003103380777909839
2.2987746397654214,0.4370097319285075,0.9220297029702971,0.9520395518802317,gini,12,log2,40,1e-05,3,5,0.0,600,Pipeline,2721,,,,,,,1,0.9277777777777778,0.9479553903345725,0.9182156133828996,0.9526901669758813,0.9200743494423792,0.9554730983302412,0.10909091760795599,0.003798632473304183,0.004142064616947446,0.003103380777909839
2.317233403523763,0.46233248710632324,0.9220297029702971,0.9520395518802317,gini,12,log2,40,1e-05,3,5,0.0,600,Pipeline,6681,,,,,,,1,0.9277777777777778,0.9479553903345725,0.9182156133828996,0.9526901669758813,0.9200743494423792,0.9554730983302412,0.09950976996045946,0.03714123715553608,0.004142064616947446,0.003103380777909839
2.3436421553293862,0.4713161786397298,0.9220297029702971,0.9520395518802317,gini,12,log2,40,1e-05,3,5,0.0,600,Pipeline,3321,,,,,,,1,0.9277777777777778,0.9479553903345725,0.9182156133828996,0.9526901669758813,0.9200743494423792,0.9554730983302412,0.057804956704184375,0.04011845109342464,0.004142064616947446,0.003103380777909839
2.2203644116719565,0.496126651763916,0.9220297029702971,0.9520395518802317,gini,12,log2,40,1e-05,3,5,0.0,600,Pipeline,6261,,,,,,,1,0.9277777777777778,0.9479553903345725,0.9182156133828996,0.9526901669758813,0.9200743494423792,0.9554730983302412,0.06544673300340123,0.07545834230204694,0.004142064616947446,0.003103380777909839
2.207728703816732,0.4317568937937419,0.9220297029702971,0.9520395518802317,gini,12,log2,40,1e-05,3,5,0.0,600,Pipeline,5981,,,,,,,1,0.9277777777777778,0.9479553903345725,0.9182156133828996,0.9526901669758813,0.9200743494423792,0.9554730983302412,0.1365668701957811,0.03177831172031947,0.004142064616947446,0.003103380777909839
2.344973882039388,0.44059332211812335,0.9220297029702971,0.9520395518802317,gini,12,log2,40,1e-05,3,5,0.0,600,Pipeline,3901,,,,,,,1,0.9277777777777778,0.9479553903345725,0.9182156133828996,0.9526901669758813,0.9200743494423792,0.9554730983302412,0.14611467759128968,0.016979462584097087,0.004142064616947446,0.003103380777909839
2.344965140024821,0.47272149721781415,0.9220297029702971,0.9520395518802317,gini,12,log2,40,1e-05,3,5,0.0,600,Pipeline,3981,,,,,,,1,0.9277777777777778,0.9479553903345725,0.9182156133828996,0.9526901669758813,0.9200743494423792,0.9554730983302412,0.10770495904215,0.049672627380647996,0.004142064616947446,0.003103380777909839
2.2863049507141113,0.4624454975128174,0.9220297029702971,0.9520395518802317,gini,12,log2,40,1e-05,3,5,0.0,600,Pipeline,12461,,,,,,,1,0.9277777777777778,0.9479553903345725,0.9182156133828996,0.9526901669758813,0.9200743494423792,0.9554730983302412,0.11451438658794132,0.042165036369847655,0.004142064616947446,0.003103380777909839
2.311453898747762,0.4326483408610026,0.9220297029702971,0.9520395518802317,gini,12,log2,40,1e-05,3,5,0.0,600,Pipeline,6361,,,,,,,1,0.9277777777777778,0.9479553903345725,0.9182156133828996,0.9526901669758813,0.9200743494423792,0.9554730983302412,0.12301002847947638,0.009213016938789302,0.004142064616947446,0.003103380777909839
2.237205902735392,0.434063196182251,0.9220297029702971,0.9520395518802317,gini,12,log2,40,1e-05,3,5,0.0,600,Pipeline,201,,,,,,,1,0.9277777777777778,0.9479553903345725,0.9182156133828996,0.9526901669758813,0.9200743494423792,0.9554730983302412,0.07229295458144588,0.018709579195978876,0.004142064616947446,0.003103380777909839
2.3183765411376953,0.4271259307861328,0.9220297029702971,0.9520395518802317,gini,12,log2,40,1e-05,3,5,0.0,600,Pipeline,13301,,,,,,,1,0.9277777777777778,0.9479553903345725,0.9182156133828996,0.9526901669758813,0.9200743494423792,0.9554730983302412,0.2059299053618329,0.0022219684227432913,0.004142064616947446,0.003103380777909839
2.2121523221333823,0.46066975593566895,0.9220297029702971,0.9520395518802317,gini,12,log2,40,1e-05,3,5,0.0,600,Pipeline,2441,,,,,,,1,0.9277777777777778,0.9479553903345725,0.9182156133828996,0.9526901669758813,0.9200743494423792,0.9554730983302412,0.026629349688200528,0.03933406220802653,0.004142064616947446,0.003103380777909839
2.2439388434092202,0.4781653086344401,0.9220297029702971,0.9520395518802317,gini,12,log2,40,1e-05,3,5,0.0,600,Pipeline,3801,,,,,,,1,0.9277777777777778,0.9479553903345725,0.9182156133828996,0.9526901669758813,0.9200743494423792,0.9554730983302412,0.05583588326439076,0.045868556948013464,0.004142064616947446,0.003103380777909839
2.224063237508138,0.42597277959187824,0.9220297029702971,0.9520395518802317,gini,12,log2,40,1e-05,3,5,0.0,600,Pipeline,8021,,,,,,,1,0.9277777777777778,0.9479553903345725,0.9182156133828996,0.9526901669758813,0.9200743494423792,0.9554730983302412,0.0270900091077034,0.00683178733209531,0.004142064616947446,0.003103380777909839
2.3147188822428384,0.43208686510721844,0.9220297029702971,0.9520395518802317,gini,12,log2,40,1e-05,3,5,0.0,600,Pipeline,9301,,,,,,,1,0.9277777777777778,0.9479553903345725,0.9182156133828996,0.9526901669758813,0.9200743494423792,0.9554730983302412,0.04817270109993165,0.00736150852484906,0.004142064616947446,0.003103380777909839
2.202061176300049,0.44144344329833984,0.9220297029702971,0.9520395518802317,gini,12,log2,40,1e-05,3,5,0.0,600,Pipeline,8661,,,,,,,1,0.9277777777777778,0.9479553903345725,0.9182156133828996,0.9526901669758813,0.9200743494423792,0.9554730983302412,0.10532180432563426,0.017628934564983965,0.004142064616947446,0.003103380777909839
2.250565846761068,0.4261600176493327,0.9220297029702971,0.9520395518802317,gini,12,log2,40,1e-05,3,5,0.0,600,Pipeline,12021,,,,,,,1,0.9277777777777778,0.9479553903345725,0.9182156133828996,0.9526901669758813,0.9200743494423792,0.9554730983302412,0.014112530023172568,0.009760897572837412,0.004142064616947446,0.003103380777909839
2.2380051612854004,0.4648021062215169,0.9220297029702971,0.9520395518802317,gini,12,log2,40,1e-05,3,5,0.0,600,Pipeline,2201,,,,,,,1,0.9277777777777778,0.9479553903345725,0.9182156133828996,0.9526901669758813,0.9200743494423792,0.9554730983302412,0.040756834784201966,0.0052641608898796235,0.004142064616947446,0.003103380777909839
2.2672983010609946,0.45112045605977374,0.9220297029702971,0.9520395518802317,gini,12,log2,40,1e-05,3,5,0.0,600,Pipeline,3281,,,,,,,1,0.9277777777777778,0.9479553903345725,0.9182156133828996,0.9526901669758813,0.9200743494423792,0.9554730983302412,0.07755078154260696,0.015566962676380703,0.004142064616947446,0.003103380777909839
2.3485000133514404,0.4164215723673503,0.9220297029702971,0.9520395518802317,gini,12,log2,40,1e-05,3,5,0.0,600,Pipeline,8421,,,,,,,1,0.9277777777777778,0.9479553903345725,0.9182156133828996,0.9526901669758813,0.9200743494423792,0.9554730983302412,0.05001987438633975,0.0032045064562099034,0.004142064616947446,0.003103380777909839
2.213505824406942,0.45416680971781415,0.9220297029702971,0.9520395518802317,gini,12,log2,40,1e-05,3,5,0.0,600,Pipeline,761,,,,,,,1,0.9277777777777778,0.9479553903345725,0.9182156133828996,0.9526901669758813,0.9200743494423792,0.9554730983302412,0.06788227357067038,0.02580853797757221,0.004142064616947446,0.003103380777909839
2.32737135887146,0.4480099678039551,0.9220297029702971,0.9520395518802317,gini,12,log2,40,1e-05,3,5,0.0,600,Pipeline,3661,,,,,,,1,0.9277777777777778,0.9479553903345725,0.9182156133828996,0.9526901669758813,0.9200743494423792,0.9554730983302412,0.04994889649984467,0.01959207291316524,0.004142064616947446,0.003103380777909839
2.1930851141611734,0.4385445912679036,0.9220297029702971,0.9520395518802317,gini,12,log2,40,1e-05,3,5,0.0,600,Pipeline,9161,,,,,,,1,0.9277777777777778,0.9479553903345725,0.9182156133828996,0.9526901669758813,0.9200743494423792,0.9554730983302412,0.1474309840158471,0.019756503072229925,0.004142064616947446,0.003103380777909839
2.2932650248209634,0.44863589604695636,0.9220297029702971,0.9520395518802317,gini,12,log2,40,1e-05,3,5,0.0,600,Pipeline,3821,,,,,,,1,0.9277777777777778,0.9479553903345725,0.9182156133828996,0.9526901669758813,0.9200743494423792,0.9554730983302412,0.13622642536254168,0.03909478430745365,0.004142064616947446,0.003103380777909839
2.2302086353302,0.441536823908488,0.9220297029702971,0.9520395518802317,gini,12,log2,40,1e-05,3,5,0.0,600,Pipeline,11681,,,,,,,1,0.9277777777777778,0.9479553903345725,0.9182156133828996,0.9526901669758813,0.9200743494423792,0.9554730983302412,0.010162540798300984,0.02502748974447886,0.004142064616947446,0.003103380777909839
2.1688715616861978,0.43005839983622235,0.9220297029702971,0.9520395518802317,gini,12,log2,40,1e-05,3,5,0.0,600,Pipeline,5701,,,,,,,1,0.9277777777777778,0.9479553903345725,0.9182156133828996,0.9526901669758813,0.9200743494423792,0.9554730983302412,0.08397640495914571,0.01035334022840518,0.004142064616947446,0.003103380777909839
2.330065647761027,0.45269401868184406,0.9220297029702971,0.9520395518802317,gini,12,log2,40,1e-05,3,5,0.0,600,Pipeline,13581,,,,,,,1,0.9277777777777778,0.9479553903345725,0.9182156133828996,0.9526901669758813,0.9200743494423792,0.9554730983302412,0.11083460763034707,0.0019049618841277891,0.004142064616947446,0.003103380777909839
2.1636545658111572,0.4693930943806966,0.9220297029702971,0.9520395518802317,gini,12,log2,40,1e-05,3,5,0.0,600,Pipeline,1041,,,,,,,1,0.9277777777777778,0.9479553903345725,0.9182156133828996,0.9526901669758813,0.9200743494423792,0.9554730983302412,0.07557687365544531,0.04780365019267132,0.004142064616947446,0.003103380777909839
2.3498822848002114,0.4255514939626058,0.9220297029702971,0.9520395518802317,gini,12,log2,40,1e-05,3,5,0.0,600,Pipeline,11921,,,,,,,1,0.9277777777777778,0.9479553903345725,0.9182156133828996,0.9526901669758813,0.9200743494423792,0.9554730983302412,0.13930835116801343,0.002453534728982629,0.004142064616947446,0.003103380777909839
2.1569831371307373,0.43873031934102374,0.9220297029702971,0.9520395518802317,gini,12,log2,40,1e-05,3,5,0.0,600,Pipeline,3641,,,,,,,1,0.9277777777777778,0.9479553903345725,0.9182156133828996,0.9526901669758813,0.9200743494423792,0.9554730983302412,0.08220059965104144,0.04031337121257168,0.004142064616947446,0.003103380777909839
2.246079444885254,0.43435509999593097,0.9220297029702971,0.9520395518802317,gini,12,log2,40,1e-05,3,5,0.0,600,Pipeline,10101,,,,,,,1,0.9277777777777778,0.9479553903345725,0.9182156133828996,0.9526901669758813,0.9200743494423792,0.9554730983302412,0.13716022425466182,0.05170095666660098,0.004142064616947446,0.003103380777909839
2.235633214314779,0.4146548906962077,0.9220297029702971,0.9520395518802317,gini,12,log2,40,1e-05,3,5,0.0,600,Pipeline,1521,,,,,,,1,0.9277777777777778,0.9479553903345725,0.9182156133828996,0.9526901669758813,0.9200743494423792,0.9554730983302412,0.02039332852892181,0.005926853029625711,0.004142064616947446,0.003103380777909839
2.2091895739237466,0.43890150388081867,0.9220297029702971,0.9520395518802317,gini,12,log2,40,1e-05,3,5,0.0,600,Pipeline,13781,,,,,,,1,0.9277777777777778,0.9479553903345725,0.9182156133828996,0.9526901669758813,0.9200743494423792,0.9554730983302412,0.09758346190101738,0.02940138412548838,0.004142064616947446,0.003103380777909839
2.2122585773468018,0.41968703269958496,0.9220297029702971,0.9520395518802317,gini,12,log2,40,1e-05,3,5,0.0,600,Pipeline,4621,,,,,,,1,0.9277777777777778,0.9479553903345725,0.9182156133828996,0.9526901669758813,0.9200743494423792,0.9554730983302412,0.02381114434108802,0.003006179786839751,0.004142064616947446,0.003103380777909839
2.3692665894826255,0.4153457482655843,0.9220297029702971,0.9520395518802317,gini,12,log2,40,1e-05,3,5,0.0,600,Pipeline,8781,,,,,,,1,0.9277777777777778,0.9479553903345725,0.9182156133828996,0.9526901669758813,0.9200743494423792,0.9554730983302412,0.06731381227742775,0.016788279202178125,0.004142064616947446,0.003103380777909839
2.3132495085398355,0.42523852984110516,0.9220297029702971,0.9520395518802317,gini,12,log2,40,1e-05,3,5,0.0,600,Pipeline,6441,,,,,,,1,0.9277777777777778,0.9479553903345725,0.9182156133828996,0.9526901669758813,0.9200743494423792,0.9554730983302412,0.11647794093574268,0.006600040138196489,0.004142064616947446,0.003103380777909839
2.1346329053243003,0.4608139197031657,0.9220297029702971,0.9520395518802317,gini,12,log2,40,1e-05,3,5,0.0,600,Pipeline,9401,,,,,,,1,0.9277777777777778,0.9479553903345725,0.9182156133828996,0.9526901669758813,0.9200743494423792,0.9554730983302412,0.06156196688607818,0.022454592378990935,0.004142064616947446,0.003103380777909839
2.243422190348307,0.4469014008839925,0.9220297029702971,0.9520395518802317,gini,12,log2,40,1e-05,3,5,0.0,600,Pipeline,12181,,,,,,,1,0.9277777777777778,0.9479553903345725,0.9182156133828996,0.9526901669758813,0.9200743494423792,0.9554730983302412,0.15483063670705688,0.02168187812306714,0.004142064616947446,0.003103380777909839
2.316065549850464,0.5014769236246744,0.9220297029702971,0.9520395518802317,gini,12,log2,40,1e-05,3,5,0.0,600,Pipeline,10561,,,,,,,1,0.9277777777777778,0.9479553903345725,0.9182156133828996,0.9526901669758813,0.9200743494423792,0.9554730983302412,0.06952061280302077,0.0733419561683664,0.004142064616947446,0.003103380777909839
2.116856813430786,0.46120238304138184,0.9220297029702971,0.9520395518802317,gini,12,log2,40,1e-05,3,5,0.0,600,Pipeline,9441,,,,,,,1,0.9277777777777778,0.9479553903345725,0.9182156133828996,0.9526901669758813,0.9200743494423792,0.9554730983302412,0.04062189843450419,0.02903626238904113,0.004142064616947446,0.003103380777909839
2.383680820465088,0.503187894821167,0.9220297029702971,0.9520395518802317,gini,12,log2,40,1e-05,3,5,0.0,600,Pipeline,1161,,,,,,,1,0.9277777777777778,0.9479553903345725,0.9182156133828996,0.9526901669758813,0.9200743494423792,0.9554730983302412,0.16069850665109847,0.053321415269746375,0.004142064616947446,0.003103380777909839
2.240288813908895,0.4643871784210205,0.9220297029702971,0.9520395518802317,gini,12,log2,40,1e-05,3,5,0.0,600,Pipeline,7401,,,,,,,1,0.9277777777777778,0.9479553903345725,0.9182156133828996,0.9526901669758813,0.9200743494423792,0.9554730983302412,0.09574431561446341,0.06537156084988091,0.004142064616947446,0.003103380777909839
2.2376267115275064,0.4791266123453776,0.9220297029702971,0.9520395518802317,gini,12,log2,40,1e-05,3,5,0.0,600,Pipeline,4001,,,,,,,1,0.9277777777777778,0.9479553903345725,0.9182156133828996,0.9526901669758813,0.9200743494423792,0.9554730983302412,0.08530232960573855,0.07583992014996213,0.004142064616947446,0.003103380777909839
2.282297372817993,0.4376668930053711,0.9220297029702971,0.9520395518802317,gini,12,log2,40,1e-05,3,5,0.0,600,Pipeline,4641,,,,,,,1,0.9277777777777778,0.9479553903345725,0.9182156133828996,0.9526901669758813,0.9200743494423792,0.9554730983302412,0.13972363571842847,0.006587477661642564,0.004142064616947446,0.003103380777909839
2.166315714518229,0.4823315143585205,0.9220297029702971,0.9520395518802317,gini,12,log2,40,1e-05,3,5,0.0,600,Pipeline,2421,,,,,,,1,0.9277777777777778,0.9479553903345725,0.9182156133828996,0.9526901669758813,0.9200743494423792,0.9554730983302412,0.13988714394203478,0.04167326178316837,0.004142064616947446,0.003103380777909839
2.1084771951039634,0.43547876675923664,0.9220297029702971,0.9520395518802317,gini,12,log2,40,1e-05,3,5,0.0,600,Pipeline,8381,,,,,,,1,0.9277777777777778,0.9479553903345725,0.9182156133828996,0.9526901669758813,0.9200743494423792,0.9554730983302412,0.05574580114593475,0.02422402790321236,0.004142064616947446,0.003103380777909839
2.3693368434906006,0.42713189125061035,0.9220297029702971,0.9520395518802317,gini,12,log2,40,1e-05,3,5,0.0,600,Pipeline,4681,,,,,,,1,0.9277777777777778,0.9479553903345725,0.9182156133828996,0.9526901669758813,0.9200743494423792,0.9554730983302412,0.0835534137679305,0.003686534417838479,0.004142064616947446,0.003103380777909839
2.156613747278849,0.4243810971577962,0.9220297029702971,0.9520395518802317,gini,12,log2,40,1e-05,3,5,0.0,600,Pipeline,10261,,,,,,,1,0.9277777777777778,0.9479553903345725,0.9182156133828996,0.9526901669758813,0.9200743494423792,0.9554730983302412,0.007168636692335035,0.017283569069479175,0.004142064616947446,0.003103380777909839
2.2719406286875405,0.41967296600341797,0.9220297029702971,0.9520395518802317,gini,12,log2,40,1e-05,3,5,0.0,600,Pipeline,3701,,,,,,,1,0.9277777777777778,0.9479553903345725,0.9182156133828996,0.9526901669758813,0.9200743494423792,0.9554730983302412,0.07628568945719072,0.0053879644128641945,0.004142064616947446,0.003103380777909839
2.2072196006774902,0.4793241818745931,0.9220297029702971,0.9520395518802317,gini,12,log2,40,1e-05,3,5,0.0,600,Pipeline,5421,,,,,,,1,0.9277777777777778,0.9479553903345725,0.9182156133828996,0.9526901669758813,0.9200743494423792,0.9554730983302412,0.08078874728386001,0.06635693133122214,0.004142064616947446,0.003103380777909839
2.344051202138265,0.47048115730285645,0.9220297029702971,0.9520395518802317,gini,12,log2,40,1e-05,3,5,0.0,600,Pipeline,3301,,,,,,,1,0.9277777777777778,0.9479553903345725,0.9182156133828996,0.9526901669758813,0.9200743494423792,0.9554730983302412,0.14210616418807495,0.032253399795926646,0.004142064616947446,0.003103380777909839
2.669255177179972,0.48374756177266437,0.9220297029702971,0.9520395518802317,gini,12,log2,40,1e-05,3,5,0.0,600,Pipeline,1361,,,,,,,1,0.9277777777777778,0.9479553903345725,0.9182156133828996,0.9526901669758813,0.9200743494423792,0.9554730983302412,0.3728343794228295,0.06350332068807998,0.004142064616947446,0.003103380777909839
2.41361673672994,0.46045104662577313,0.9220297029702971,0.9520395518802317,gini,12,log2,40,1e-05,3,5,0.0,600,Pipeline,3201,,,,,,,1,0.9277777777777778,0.9479553903345725,0.9182156133828996,0.9526901669758813,0.9200743494423792,0.9554730983302412,0.29077219660009085,0.04639242705336725,0.004142064616947446,0.003103380777909839
2.240098158518473,0.42859498659769696,0.9220297029702971,0.9520395518802317,gini,12,log2,40,1e-05,3,5,0.0,600,Pipeline,1341,,,,,,,1,0.9277777777777778,0.9479553903345725,0.9182156133828996,0.9526901669758813,0.9200743494423792,0.9554730983302412,0.06946582949538972,0.007439242182071371,0.004142064616947446,0.003103380777909839
2.232480605443319,0.4429238637288411,0.9220297029702971,0.9520395518802317,gini,12,log2,40,1e-05,3,5,0.0,600,Pipeline,1101,,,,,,,1,0.9277777777777778,0.9479553903345725,0.9182156133828996,0.9526901669758813,0.9200743494423792,0.9554730983302412,0.03866263669180079,0.013307580162503854,0.004142064616947446,0.003103380777909839
2.3119023640950522,0.4360972245534261,0.9220297029702971,0.9520395518802317,gini,12,log2,40,1e-05,3,5,0.0,600,Pipeline,7821,,,,,,,1,0.9277777777777778,0.9479553903345725,0.9182156133828996,0.9526901669758813,0.9200743494423792,0.9554730983302412,0.12760999358535322,0.007267250092376386,0.004142064616947446,0.003103380777909839
2.303271929423014,0.4764389197031657,0.9220297029702971,0.9520395518802317,gini,12,log2,40,1e-05,3,5,0.0,600,Pipeline,9901,,,,,,,1,0.9277777777777778,0.9479553903345725,0.9182156133828996,0.9526901669758813,0.9200743494423792,0.9554730983302412,0.08118172028349224,0.0514608990962577,0.004142064616947446,0.003103380777909839
2.185502211252848,0.44472114245096844,0.9220297029702971,0.9520395518802317,gini,12,log2,40,1e-05,3,5,0.0,600,Pipeline,881,,,,,,,1,0.9277777777777778,0.9479553903345725,0.9182156133828996,0.9526901669758813,0.9200743494423792,0.9554730983302412,0.019672142396431738,0.023399078937602603,0.004142064616947446,0.003103380777909839
2.2459117571512857,0.4365529219309489,0.9220297029702971,0.9520395518802317,gini,12,log2,40,1e-05,3,5,0.0,600,Pipeline,4161,,,,,,,1,0.9277777777777778,0.9479553903345725,0.9182156133828996,0.9526901669758813,0.9200743494423792,0.9554730983302412,0.14999759222827164,0.005376152151395589,0.004142064616947446,0.003103380777909839
2.2298272450764975,0.48263176282246906,0.9220297029702971,0.9520395518802317,gini,12,log2,40,1e-05,3,5,0.0,600,Pipeline,1541,,,,,,,1,0.9277777777777778,0.9479553903345725,0.9182156133828996,0.9526901669758813,0.9200743494423792,0.9554730983302412,0.05852656557506645,0.05232515634904433,0.004142064616947446,0.003103380777909839
2.1935601234436035,0.42842698097229004,0.9220297029702971,0.9520395518802317,gini,12,log2,40,1e-05,3,5,0.0,600,Pipeline,11901,,,,,,,1,0.9277777777777778,0.9479553903345725,0.9182156133828996,0.9526901669758813,0.9200743494423792,0.9554730983302412,0.05223042950818523,0.03778348438707846,0.004142064616947446,0.003103380777909839
2.216580549875895,0.44547033309936523,0.9220297029702971,0.9520395518802317,gini,12,log2,40,1e-05,3,5,0.0,600,Pipeline,4281,,,,,,,1,0.9277777777777778,0.9479553903345725,0.9182156133828996,0.9526901669758813,0.9200743494423792,0.9554730983302412,0.03192289743087441,0.021958677587660826,0.004142064616947446,0.003103380777909839
2.2295523484547934,0.44272708892822266,0.9220297029702971,0.9520395518802317,gini,12,log2,40,1e-05,3,5,0.0,600,Pipeline,10701,,,,,,,1,0.9277777777777778,0.9479553903345725,0.9182156133828996,0.9526901669758813,0.9200743494423792,0.9554730983302412,0.07544276827126525,0.05091515490023078,0.004142064616947446,0.003103380777909839
2.3934489091237388,0.42943771680196124,0.9220297029702971,0.9520395518802317,gini,12,log2,40,1e-05,3,5,0.0,600,Pipeline,1841,,,,,,,1,0.9277777777777778,0.9479553903345725,0.9182156133828996,0.9526901669758813,0.9200743494423792,0.9554730983302412,0.13074710435453077,0.0024028352059680693,0.004142064616947446,0.003103380777909839
2.222125212351481,0.4756745497385661,0.9220297029702971,0.9520395518802317,gini,12,log2,40,1e-05,3,5,0.0,600,Pipeline,6381,,,,,,,1,0.9277777777777778,0.9479553903345725,0.9182156133828996,0.9526901669758813,0.9200743494423792,0.9554730983302412,0.08551930505798258,0.09219894394179375,0.004142064616947446,0.003103380777909839
2.184992472330729,0.4344327449798584,0.9220297029702971,0.9520395518802317,gini,12,log2,40,1e-05,3,5,0.0,600,Pipeline,12061,,,,,,,1,0.9277777777777778,0.9479553903345725,0.9182156133828996,0.9526901669758813,0.9200743494423792,0.9554730983302412,0.07333161215850123,0.006215532062752551,0.004142064616947446,0.003103380777909839
2.3911627928415933,0.4482873280843099,0.9220297029702971,0.9520395518802317,gini,12,log2,40,1e-05,3,5,0.0,600,Pipeline,13161,,,,,,,1,0.9277777777777778,0.9479553903345725,0.9182156133828996,0.9526901669758813,0.9200743494423792,0.9554730983302412,0.15456607042625867,0.00801902418166572,0.004142064616947446,0.003103380777909839
2.1877029736836753,0.4384152889251709,0.9220297029702971,0.9520395518802317,gini,12,log2,40,1e-05,3,5,0.0,600,Pipeline,8721,,,,,,,1,0.9277777777777778,0.9479553903345725,0.9182156133828996,0.9526901669758813,0.9200743494423792,0.9554730983302412,0.07899567398933675,0.01999514641967392,0.004142064616947446,0.003103380777909839
2.2665022214253745,0.42189470926920575,0.9220297029702971,0.9520395518802317,gini,12,log2,40,1e-05,3,5,0.0,600,Pipeline,13361,,,,,,,1,0.9277777777777778,0.9479553903345725,0.9182156133828996,0.9526901669758813,0.9200743494423792,0.9554730983302412,0.09144915472244874,0.010206246791739997,0.004142064616947446,0.003103380777909839
2.407346804936727,0.4301489194234212,0.9220297029702971,0.9520395518802317,gini,12,log2,40,1e-05,3,5,0.0,600,Pipeline,11321,,,,,,,1,0.9277777777777778,0.9479553903345725,0.9182156133828996,0.9526901669758813,0.9200743494423792,0.9554730983302412,0.11719802702363669,0.032499756975234384,0.004142064616947446,0.003103380777909839
2.297964096069336,0.4700775941212972,0.9220297029702971,0.9520395518802317,gini,12,log2,40,1e-05,3,5,0.0,600,Pipeline,12621,,,,,,,1,0.9277777777777778,0.9479553903345725,0.9182156133828996,0.9526901669758813,0.9200743494423792,0.9554730983302412,0.1372285617506585,0.07564427583241268,0.004142064616947446,0.003103380777909839
2.159435987472534,0.45349844296773273,0.9220297029702971,0.9520395518802317,gini,12,log2,40,1e-05,3,5,0.0,600,Pipeline,941,,,,,,,1,0.9277777777777778,0.9479553903345725,0.9182156133828996,0.9526901669758813,0.9200743494423792,0.9554730983302412,0.065886837303061,0.023830481037150138,0.004142064616947446,0.003103380777909839
2.380777915318807,0.47201259930928546,0.9220297029702971,0.9520395518802317,gini,12,log2,40,1e-05,3,5,0.0,600,Pipeline,3541,,,,,,,1,0.9277777777777778,0.9479553903345725,0.9182156133828996,0.9526901669758813,0.9200743494423792,0.9554730983302412,0.21088785633446858,0.03792013229156754,0.004142064616947446,0.003103380777909839
2.303275982538859,0.44430096944173175,0.9220297029702971,0.9520395518802317,gini,12,log2,40,1e-05,3,5,0.0,600,Pipeline,2901,,,,,,,1,0.9277777777777778,0.9479553903345725,0.9182156133828996,0.9526901669758813,0.9200743494423792,0.9554730983302412,0.0494656487391616,0.025195527934335573,0.004142064616947446,0.003103380777909839
2.2571844259897866,0.4515393575032552,0.9220297029702971,0.9520395518802317,gini,12,log2,40,1e-05,3,5,0.0,600,Pipeline,8981,,,,,,,1,0.9277777777777778,0.9479553903345725,0.9182156133828996,0.9526901669758813,0.9200743494423792,0.9554730983302412,0.09906081442738941,0.020837612191705185,0.004142064616947446,0.003103380777909839
2.207289775212606,0.48931558926900226,0.9220297029702971,0.9520395518802317,gini,12,log2,40,1e-05,3,5,0.0,600,Pipeline,6801,,,,,,,1,0.9277777777777778,0.9479553903345725,0.9182156133828996,0.9526901669758813,0.9200743494423792,0.9554730983302412,0.12226308627462007,0.09450775871846463,0.004142064616947446,0.003103380777909839
2.247447888056437,0.43866729736328125,0.9220297029702971,0.9520395518802317,gini,12,log2,40,1e-05,3,5,0.0,600,Pipeline,7561,,,,,,,1,0.9277777777777778,0.9479553903345725,0.9182156133828996,0.9526901669758813,0.9200743494423792,0.9554730983302412,0.011536170248947715,0.03494605129721185,0.004142064616947446,0.003103380777909839
2.2431772549947104,0.44828979174296063,0.9220297029702971,0.9520395518802317,gini,12,log2,40,1e-05,3,5,0.0,600,Pipeline,13101,,,,,,,1,0.9277777777777778,0.9479553903345725,0.9182156133828996,0.9526901669758813,0.9200743494423792,0.9554730983302412,0.0916761765045031,0.019079717733130535,0.004142064616947446,0.003103380777909839
2.29929780960083,0.4502929051717122,0.9220297029702971,0.9520395518802317,gini,12,log2,40,1e-05,3,5,0.0,600,Pipeline,5001,,,,,,,1,0.9277777777777778,0.9479553903345725,0.9182156133828996,0.9526901669758813,0.9200743494423792,0.9554730983302412,0.07261394325337026,0.034179934502669845,0.004142064616947446,0.003103380777909839
2.228647549947103,0.4365994930267334,0.9220297029702971,0.9520395518802317,gini,12,log2,40,1e-05,3,5,0.0,600,Pipeline,13881,,,,,,,1,0.9277777777777778,0.9479553903345725,0.9182156133828996,0.9526901669758813,0.9200743494423792,0.9554730983302412,0.024344145629783796,0.018015709349573084,0.004142064616947446,0.003103380777909839
2.318653186162313,0.4071922302246094,0.9220297029702971,0.9520395518802317,gini,12,log2,40,1e-05,3,5,0.0,600,Pipeline,3721,,,,,,,1,0.9277777777777778,0.9479553903345725,0.9182156133828996,0.9526901669758813,0.9200743494423792,0.9554730983302412,0.08319745203357407,0.014729654434403577,0.004142064616947446,0.003103380777909839
2.179140488306681,0.44919387499491376,0.9220297029702971,0.9520395518802317,gini,12,log2,40,1e-05,3,5,0.0,600,Pipeline,12361,,,,,,,1,0.9277777777777778,0.9479553903345725,0.9182156133828996,0.9526901669758813,0.9200743494423792,0.9554730983302412,0.022533281339998115,0.005672064117938395,0.004142064616947446,0.003103380777909839
2.27019468943278,0.4524260361989339,0.9220297029702971,0.9520395518802317,gini,12,log2,40,1e-05,3,5,0.0,600,Pipeline,9021,,,,,,,1,0.9277777777777778,0.9479553903345725,0.9182156133828996,0.9526901669758813,0.9200743494423792,0.9554730983302412,0.07055943415644272,0.017627832015736533,0.004142064616947446,0.003103380777909839
2.2306549549102783,0.42194096247355145,0.9220297029702971,0.9520395518802317,gini,12,log2,40,1e-05,3,5,0.0,600,Pipeline,2581,,,,,,,1,0.9277777777777778,0.9479553903345725,0.9182156133828996,0.9526901669758813,0.9200743494423792,0.9554730983302412,0.0828769855818916,0.0015533073240674893,0.004142064616947446,0.003103380777909839
2.51796293258667,0.4526703357696533,0.9220297029702971,0.9520395518802317,gini,12,log2,40,1e-05,3,5,0.0,600,Pipeline,5741,,,,,,,1,0.9277777777777778,0.9479553903345725,0.9182156133828996,0.9526901669758813,0.9200743494423792,0.9554730983302412,0.1338315680016661,0.03461503380254502,0.004142064616947446,0.003103380777909839
2.6354758739471436,0.46906455357869464,0.9220297029702971,0.9520395518802317,gini,12,log2,40,1e-05,3,5,0.0,600,Pipeline,8181,,,,,,,1,0.9277777777777778,0.9479553903345725,0.9182156133828996,0.9526901669758813,0.9200743494423792,0.9554730983302412,0.07147941356815102,0.03449839663852457,0.004142064616947446,0.003103380777909839
2.3126142819722495,0.4537898699442546,0.9220297029702971,0.9520395518802317,gini,12,log2,40,1e-05,3,5,0.0,600,Pipeline,7701,,,,,,,1,0.9277777777777778,0.9479553903345725,0.9182156133828996,0.9526901669758813,0.9200743494423792,0.9554730983302412,0.1167414366739294,0.02989599596916772,0.004142064616947446,0.003103380777909839
2.211906989415487,0.4364904562632243,0.9220297029702971,0.9520395518802317,gini,12,log2,40,1e-05,3,5,0.0,600,Pipeline,7961,,,,,,,1,0.9277777777777778,0.9479553903345725,0.9182156133828996,0.9526901669758813,0.9200743494423792,0.9554730983302412,0.051158244897757436,0.01861624870594952,0.004142064616947446,0.003103380777909839
2.387373685836792,0.45326582590738934,0.9220297029702971,0.9520395518802317,gini,12,log2,40,1e-05,3,5,0.0,600,Pipeline,13001,,,,,,,1,0.9277777777777778,0.9479553903345725,0.9182156133828996,0.9526901669758813,0.9200743494423792,0.9554730983302412,0.0981200267001971,0.0215643921691062,0.004142064616947446,0.003103380777909839
2.298029581705729,0.40888603528340656,0.9220297029702971,0.9520395518802317,gini,12,log2,40,1e-05,3,5,0.0,600,Pipeline,2081,,,,,,,1,0.9277777777777778,0.9479553903345725,0.9182156133828996,0.9526901669758813,0.9200743494423792,0.9554730983302412,0.06036675512514273,0.017361681216968287,0.004142064616947446,0.003103380777909839
2.2080751260121665,0.4507143497467041,0.9220297029702971,0.9520395518802317,gini,12,log2,40,1e-05,3,5,0.0,600,Pipeline,1121,,,,,,,1,0.9277777777777778,0.9479553903345725,0.9182156133828996,0.9526901669758813,0.9200743494423792,0.9554730983302412,0.06357028644668919,0.020828868721469423,0.004142064616947446,0.003103380777909839
2.37213404973348,0.44121885299682617,0.9220297029702971,0.9520395518802317,gini,12,log2,40,1e-05,3,5,0.0,600,Pipeline,6861,,,,,,,1,0.9277777777777778,0.9479553903345725,0.9182156133828996,0.9526901669758813,0.9200743494423792,0.9554730983302412,0.08389623621587686,0.019224821822087103,0.004142064616947446,0.003103380777909839
2.211131970087687,0.4996646245320638,0.9220297029702971,0.9520395518802317,gini,12,log2,40,1e-05,3,5,0.0,600,Pipeline,10861,,,,,,,1,0.9277777777777778,0.9479553903345725,0.9182156133828996,0.9526901669758813,0.9200743494423792,0.9554730983302412,0.05863110536835784,0.0623261928323755,0.004142064616947446,0.003103380777909839
2.220529079437256,0.44274012247721356,0.9220297029702971,0.9520395518802317,gini,12,log2,40,1e-05,3,5,0.0,600,Pipeline,2501,,,,,,,1,0.9277777777777778,0.9479553903345725,0.9182156133828996,0.9526901669758813,0.9200743494423792,0.9554730983302412,0.05704300044830133,0.018470952162832885,0.004142064616947446,0.003103380777909839
2.3453637758890786,0.4717361132303874,0.9220297029702971,0.9520395518802317,gini,12,log2,40,1e-05,3,5,0.0,600,Pipeline,12661,,,,,,,1,0.9277777777777778,0.9479553903345725,0.9182156133828996,0.9526901669758813,0.9200743494423792,0.9554730983302412,0.07154295884203496,0.01122062264932047,0.004142064616947446,0.003103380777909839
2.2839221954345703,0.42064929008483887,0.9220297029702971,0.9520395518802317,gini,12,log2,40,1e-05,3,5,0.0,600,Pipeline,1301,,,,,,,1,0.9277777777777778,0.9479553903345725,0.9182156133828996,0.9526901669758813,0.9200743494423792,0.9554730983302412,0.20104545430046156,0.004575168251194278,0.004142064616947446,0.003103380777909839
2.246388594309489,0.43112874031066895,0.9220297029702971,0.9520395518802317,gini,12,log2,40,1e-05,3,5,0.0,600,Pipeline,5521,,,,,,,1,0.9277777777777778,0.9479553903345725,0.9182156133828996,0.9526901669758813,0.9200743494423792,0.9554730983302412,0.0950122569520772,0.02372283926205095,0.004142064616947446,0.003103380777909839
2.2346691290537515,0.44647900263468426,0.9220297029702971,0.9520395518802317,gini,12,log2,40,1e-05,3,5,0.0,600,Pipeline,1061,,,,,,,1,0.9277777777777778,0.9479553903345725,0.9182156133828996,0.9526901669758813,0.9200743494423792,0.9554730983302412,0.053903876912598514,0.01579274794578851,0.004142064616947446,0.003103380777909839
2.267392158508301,0.45503958066304523,0.9220297029702971,0.9520395518802317,gini,12,log2,40,1e-05,3,5,0.0,600,Pipeline,5941,,,,,,,1,0.9277777777777778,0.9479553903345725,0.9182156133828996,0.9526901669758813,0.9200743494423792,0.9554730983302412,0.09466944364790247,0.03170831951350094,0.004142064616947446,0.003103380777909839
2.316702922185262,0.47443803151448566,0.9220297029702971,0.9520395518802317,gini,12,log2,40,1e-05,3,5,0.0,600,Pipeline,1921,,,,,,,1,0.9277777777777778,0.9479553903345725,0.9182156133828996,0.9526901669758813,0.9200743494423792,0.9554730983302412,0.13330807301654088,0.07145163706975001,0.004142064616947446,0.003103380777909839
2.1708364486694336,0.450793981552124,0.9220297029702971,0.9520395518802317,gini,12,log2,40,1e-05,3,5,0.0,600,Pipeline,10321,,,,,,,1,0.9277777777777778,0.9479553903345725,0.9182156133828996,0.9526901669758813,0.9200743494423792,0.9554730983302412,0.061128796035971086,0.042705754053803884,0.004142064616947446,0.003103380777909839
2.2948235670725503,0.43735822041829425,0.9220297029702971,0.9520395518802317,gini,12,log2,40,1e-05,3,5,0.0,600,Pipeline,561,,,,,,,1,0.9277777777777778,0.9479553903345725,0.9182156133828996,0.9526901669758813,0.9200743494423792,0.9554730983302412,0.03823877861108433,0.014205826108342206,0.004142064616947446,0.003103380777909839
2.3242669105529785,0.45698070526123047,0.9220297029702971,0.9520395518802317,gini,12,log2,40,1e-05,3,5,0.0,600,Pipeline,13341,,,,,,,1,0.9277777777777778,0.9479553903345725,0.9182156133828996,0.9526901669758813,0.9200743494423792,0.9554730983302412,0.14776098402502258,0.03017966019252201,0.004142064616947446,0.003103380777909839
2.307671546936035,0.4455095926920573,0.9220297029702971,0.9520395518802317,gini,12,log2,40,1e-05,3,5,0.0,600,Pipeline,7161,,,,,,,1,0.9277777777777778,0.9479553903345725,0.9182156133828996,0.9526901669758813,0.9200743494423792,0.9554730983302412,0.17247512809042362,0.021182023983435733,0.004142064616947446,0.003103380777909839
2.17749818166097,0.4754158655802409,0.9220297029702971,0.9520395518802317,gini,12,log2,40,1e-05,3,5,0.0,600,Pipeline,11481,,,,,,,1,0.9277777777777778,0.9479553903345725,0.9182156133828996,0.9526901669758813,0.9200743494423792,0.9554730983302412,0.07915118444313603,0.04181648922377186,0.004142064616947446,0.003103380777909839
2.3561896483103433,0.4289671579996745,0.9220297029702971,0.9520395518802317,gini,12,log2,40,1e-05,3,5,0.0,600,Pipeline,7501,,,,,,,1,0.9277777777777778,0.9479553903345725,0.9182156133828996,0.9526901669758813,0.9200743494423792,0.9554730983302412,0.10785993059980507,0.008902423787288727,0.004142064616947446,0.003103380777909839
2.336437702178955,0.49308331807454425,0.9220297029702971,0.9520395518802317,gini,12,log2,40,1e-05,3,5,0.0,600,Pipeline,981,,,,,,,1,0.9277777777777778,0.9479553903345725,0.9182156133828996,0.9526901669758813,0.9200743494423792,0.9554730983302412,0.10656973110014109,0.053268642553523156,0.004142064616947446,0.003103380777909839
2.2977518240610757,0.484308401743571,0.9220297029702971,0.9520395518802317,gini,12,log2,40,1e-05,3,5,0.0,600,Pipeline,6221,,,,,,,1,0.9277777777777778,0.9479553903345725,0.9182156133828996,0.9526901669758813,0.9200743494423792,0.9554730983302412,0.14090546113937244,0.056678953621288816,0.004142064616947446,0.003103380777909839
2.2094767888387046,0.4399009545644124,0.9220297029702971,0.9520395518802317,gini,12,log2,40,1e-05,3,5,0.0,600,Pipeline,5401,,,,,,,1,0.9277777777777778,0.9479553903345725,0.9182156133828996,0.9526901669758813,0.9200743494423792,0.9554730983302412,0.11008210490999432,0.013385890634691484,0.004142064616947446,0.003103380777909839
2.2592403888702393,0.4506981372833252,0.9220297029702971,0.9520395518802317,gini,12,log2,40,1e-05,3,5,0.0,600,Pipeline,8841,,,,,,,1,0.9277777777777778,0.9479553903345725,0.9182156133828996,0.9526901669758813,0.9200743494423792,0.9554730983302412,0.1030633397096681,0.016742737385606953,0.004142064616947446,0.003103380777909839
2.2586161295572915,0.431887149810791,0.9220297029702971,0.9520395518802317,gini,12,log2,40,1e-05,3,5,0.0,600,Pipeline,821,,,,,,,1,0.9277777777777778,0.9479553903345725,0.9182156133828996,0.9526901669758813,0.9200743494423792,0.9554730983302412,0.04801878460071193,0.019142842384625307,0.004142064616947446,0.003103380777909839
2.241494576136271,0.4788728555043538,0.9220297029702971,0.9520395518802317,gini,12,log2,40,1e-05,3,5,0.0,600,Pipeline,2681,,,,,,,1,0.9277777777777778,0.9479553903345725,0.9182156133828996,0.9526901669758813,0.9200743494423792,0.9554730983302412,0.09012129172266523,0.046742314425297075,0.004142064616947446,0.003103380777909839
2.2176132202148438,0.4633639653523763,0.9220297029702971,0.9520395518802317,gini,12,log2,40,1e-05,3,5,0.0,600,Pipeline,13681,,,,,,,1,0.9277777777777778,0.9479553903345725,0.9182156133828996,0.9526901669758813,0.9200743494423792,0.9554730983302412,0.12748079765409087,0.03738998380745983,0.004142064616947446,0.003103380777909839
2.161245346069336,0.45460883776346844,0.9220297029702971,0.9520395518802317,gini,12,log2,40,1e-05,3,5,0.0,600,Pipeline,2181,,,,,,,1,0.9277777777777778,0.9479553903345725,0.9182156133828996,0.9526901669758813,0.9200743494423792,0.9554730983302412,0.04606503687333607,0.03536051938592427,0.004142064616947446,0.003103380777909839
2.3256219228108725,0.44826769828796387,0.9220297029702971,0.9520395518802317,gini,12,log2,40,1e-05,3,5,0.0,600,Pipeline,7641,,,,,,,1,0.9277777777777778,0.9479553903345725,0.9182156133828996,0.9526901669758813,0.9200743494423792,0.9554730983302412,0.15577377436736056,0.0243242897722675,0.004142064616947446,0.003103380777909839
2.2738088766733804,0.4407002131144206,0.9220297029702971,0.9520395518802317,gini,12,log2,40,1e-05,3,5,0.0,600,Pipeline,9261,,,,,,,1,0.9277777777777778,0.9479553903345725,0.9182156133828996,0.9526901669758813,0.9200743494423792,0.9554730983302412,0.12717810671323515,0.015744503553168206,0.004142064616947446,0.003103380777909839
2.1233879725138345,0.445419708887736,0.9220297029702971,0.9520395518802317,gini,12,log2,40,1e-05,3,5,0.0,600,Pipeline,301,,,,,,,1,0.9277777777777778,0.9479553903345725,0.9182156133828996,0.9526901669758813,0.9200743494423792,0.9554730983302412,0.08716439941934948,0.03898425179196621,0.004142064616947446,0.003103380777909839
2.285703500111898,0.4377543131510417,0.9220297029702971,0.9520395518802317,gini,12,log2,40,1e-05,3,5,0.0,600,Pipeline,11521,,,,,,,1,0.9277777777777778,0.9479553903345725,0.9182156133828996,0.9526901669758813,0.9200743494423792,0.9554730983302412,0.208380824828579,0.012828387259091193,0.004142064616947446,0.003103380777909839
2.2926951249440513,0.43402791023254395,0.9220297029702971,0.9520395518802317,gini,12,log2,40,1e-05,3,5,0.0,600,Pipeline,2221,,,,,,,1,0.9277777777777778,0.9479553903345725,0.9182156133828996,0.9526901669758813,0.9200743494423792,0.9554730983302412,0.0842867476772113,0.013447721941464718,0.004142064616947446,0.003103380777909839
2.310595432917277,0.4457407792409261,0.9220297029702971,0.9520395518802317,gini,12,log2,40,1e-05,3,5,0.0,600,Pipeline,5761,,,,,,,1,0.9277777777777778,0.9479553903345725,0.9182156133828996,0.9526901669758813,0.9200743494423792,0.9554730983302412,0.16254343816189668,0.030968021541055282,0.004142064616947446,0.003103380777909839
2.2014315923055015,0.4392099380493164,0.9220297029702971,0.9520395518802317,gini,12,log2,40,1e-05,3,5,0.0,600,Pipeline,8221,,,,,,,1,0.9277777777777778,0.9479553903345725,0.9182156133828996,0.9526901669758813,0.9200743494423792,0.9554730983302412,0.10414298495813233,0.027346247296047087,0.004142064616947446,0.003103380777909839
2.2578638394673667,0.45790894826253253,0.9220297029702971,0.9520395518802317,gini,12,log2,40,1e-05,3,5,0.0,600,Pipeline,7141,,,,,,,1,0.9277777777777778,0.9479553903345725,0.9182156133828996,0.9526901669758813,0.9200743494423792,0.9554730983302412,0.10564814580329106,0.025544946897531316,0.004142064616947446,0.003103380777909839
2.308313767115275,0.4589091936747233,0.9220297029702971,0.9520395518802317,gini,12,log2,40,1e-05,3,5,0.0,600,Pipeline,13521,,,,,,,1,0.9277777777777778,0.9479553903345725,0.9182156133828996,0.9526901669758813,0.9200743494423792,0.9554730983302412,0.12074150956374936,0.030995359740376476,0.004142064616947446,0.003103380777909839
2.1689900557200112,0.49838709831237793,0.9220297029702971,0.9520395518802317,gini,12,log2,40,1e-05,3,5,0.0,600,Pipeline,601,,,,,,,1,0.9277777777777778,0.9479553903345725,0.9182156133828996,0.9526901669758813,0.9200743494423792,0.9554730983302412,0.017808536957217555,0.0462375896981013,0.004142064616947446,0.003103380777909839
2.205059210459391,0.44429651896158856,0.9220297029702971,0.9520395518802317,gini,12,log2,40,1e-05,3,5,0.0,600,Pipeline,10601,,,,,,,1,0.9277777777777778,0.9479553903345725,0.9182156133828996,0.9526901669758813,0.9200743494423792,0.9554730983302412,0.03060437907115327,0.01576102467707963,0.004142064616947446,0.003103380777909839
2.3170421918233237,0.4369076093037923,0.9220297029702971,0.9520395518802317,gini,12,log2,40,1e-05,3,5,0.0,600,Pipeline,9941,,,,,,,1,0.9277777777777778,0.9479553903345725,0.9182156133828996,0.9526901669758813,0.9200743494423792,0.9554730983302412,0.06477266784444376,0.02243054544128054,0.004142064616947446,0.003103380777909839
2.32548451423645,0.4553985595703125,0.9220297029702971,0.9520395518802317,gini,12,log2,40,1e-05,3,5,0.0,600,Pipeline,6541,,,,,,,1,0.9277777777777778,0.9479553903345725,0.9182156133828996,0.9526901669758813,0.9200743494423792,0.9554730983302412,0.07202050048464749,0.032101880125699235,0.004142064616947446,0.003103380777909839
2.262406587600708,0.4683077335357666,0.9220297029702971,0.9520395518802317,gini,12,log2,40,1e-05,3,5,0.0,600,Pipeline,8201,,,,,,,1,0.9277777777777778,0.9479553903345725,0.9182156133828996,0.9526901669758813,0.9200743494423792,0.9554730983302412,0.14598364575217646,0.034675565723152064,0.004142064616947446,0.003103380777909839
2.265186071395874,0.44030364354451496,0.9220297029702971,0.9520395518802317,gini,12,log2,40,1e-05,3,5,0.0,600,Pipeline,7321,,,,,,,1,0.9277777777777778,0.9479553903345725,0.9182156133828996,0.9526901669758813,0.9200743494423792,0.9554730983302412,0.10238369828683194,0.015831630462901366,0.004142064616947446,0.003103380777909839
2.3141331672668457,0.539423942565918,0.9220297029702971,0.9520395518802317,gini,12,log2,40,1e-05,3,5,0.0,600,Pipeline,4601,,,,,,,1,0.9277777777777778,0.9479553903345725,0.9182156133828996,0.9526901669758813,0.9200743494423792,0.9554730983302412,0.17367999951288327,0.08521632339544757,0.004142064616947446,0.003103380777909839
2.2497782707214355,0.4844398498535156,0.9220297029702971,0.9520395518802317,gini,12,log2,40,1e-05,3,5,0.0,600,Pipeline,10981,,,,,,,1,0.9277777777777778,0.9479553903345725,0.9182156133828996,0.9526901669758813,0.9200743494423792,0.9554730983302412,0.029915253912170314,0.08166774489559955,0.004142064616947446,0.003103380777909839
2.3029677867889404,0.44713624318440753,0.9220297029702971,0.9520395518802317,gini,12,log2,40,1e-05,3,5,0.0,600,Pipeline,10361,,,,,,,1,0.9277777777777778,0.9479553903345725,0.9182156133828996,0.9526901669758813,0.9200743494423792,0.9554730983302412,0.08154788924599235,0.0063102950389392195,0.004142064616947446,0.003103380777909839
2.2777207692464194,0.47299718856811523,0.9220297029702971,0.9520395518802317,gini,12,log2,40,1e-05,3,5,0.0,600,Pipeline,7361,,,,,,,1,0.9277777777777778,0.9479553903345725,0.9182156133828996,0.9526901669758813,0.9200743494423792,0.9554730983302412,0.10876779461242075,0.03517235637209051,0.004142064616947446,0.003103380777909839
2.1998584270477295,0.4358007113138835,0.9220297029702971,0.9520395518802317,gini,12,log2,40,1e-05,3,5,0.0,600,Pipeline,13901,,,,,,,1,0.9277777777777778,0.9479553903345725,0.9182156133828996,0.9526901669758813,0.9200743494423792,0.9554730983302412,0.027568928847325893,0.02008571079811719,0.004142064616947446,0.003103380777909839
2.271726608276367,0.4736490249633789,0.9220297029702971,0.9520395518802317,gini,12,log2,40,1e-05,3,5,0.0,600,Pipeline,3001,,,,,,,1,0.9277777777777778,0.9479553903345725,0.9182156133828996,0.9526901669758813,0.9200743494423792,0.9554730983302412,0.052458573558416974,0.07357516302912714,0.004142064616947446,0.003103380777909839
2.215748945871989,0.43609897295633954,0.9220297029702971,0.9520395518802317,gini,12,log2,40,1e-05,3,5,0.0,600,Pipeline,5681,,,,,,,1,0.9277777777777778,0.9479553903345725,0.9182156133828996,0.9526901669758813,0.9200743494423792,0.9554730983302412,0.09438098113484056,0.02213980924146849,0.004142064616947446,0.003103380777909839
2.3204245567321777,0.4372893174489339,0.9220297029702971,0.9520395518802317,gini,12,log2,40,1e-05,3,5,0.0,600,Pipeline,11381,,,,,,,1,0.9277777777777778,0.9479553903345725,0.9182156133828996,0.9526901669758813,0.9200743494423792,0.9554730983302412,0.12153479663735621,0.02207000127749136,0.004142064616947446,0.003103380777909839
2.213775316874186,0.5076375007629395,0.9220297029702971,0.9520395518802317,gini,12,log2,40,1e-05,3,5,0.0,600,Pipeline,10781,,,,,,,1,0.9277777777777778,0.9479553903345725,0.9182156133828996,0.9526901669758813,0.9200743494423792,0.9554730983302412,0.10232666856013836,0.07381062809326944,0.004142064616947446,0.003103380777909839
2.297801891962687,0.4622046152750651,0.9220297029702971,0.9520395518802317,gini,12,log2,40,1e-05,3,5,0.0,600,Pipeline,12561,,,,,,,1,0.9277777777777778,0.9479553903345725,0.9182156133828996,0.9526901669758813,0.9200743494423792,0.9554730983302412,0.11734229750102815,0.03779096726782952,0.004142064616947446,0.003103380777909839
2.203322251637777,0.42589235305786133,0.9220297029702971,0.9520395518802317,gini,12,log2,40,1e-05,3,5,0.0,600,Pipeline,9961,,,,,,,1,0.9277777777777778,0.9479553903345725,0.9182156133828996,0.9526901669758813,0.9200743494423792,0.9554730983302412,0.028870927214452603,0.0061978845189438105,0.004142064616947446,0.003103380777909839
2.160665273666382,0.49409977595011395,0.9220297029702971,0.9520395518802317,gini,12,log2,40,1e-05,3,5,0.0,600,Pipeline,10741,,,,,,,1,0.9277777777777778,0.9479553903345725,0.9182156133828996,0.9526901669758813,0.9200743494423792,0.9554730983302412,0.030928172618205078,0.05689015974027104,0.004142064616947446,0.003103380777909839
2.215459187825521,0.49190576871236164,0.9220297029702971,0.9520395518802317,gini,12,log2,40,1e-05,3,5,0.0,600,Pipeline,4141,,,,,,,1,0.9277777777777778,0.9479553903345725,0.9182156133828996,0.9526901669758813,0.9200743494423792,0.9554730983302412,0.017181294282676316,0.09300751871758954,0.004142064616947446,0.003103380777909839
2.240839163462321,0.45717310905456543,0.9220297029702971,0.9520395518802317,gini,12,log2,40,1e-05,3,5,0.0,600,Pipeline,7041,,,,,,,1,0.9277777777777778,0.9479553903345725,0.9182156133828996,0.9526901669758813,0.9200743494423792,0.9554730983302412,0.06206290311954709,0.021036061820289113,0.004142064616947446,0.003103380777909839
2.245035250981649,0.45632020632425946,0.9220297029702971,0.9520395518802317,gini,12,log2,40,1e-05,3,5,0.0,600,Pipeline,3341,,,,,,,1,0.9277777777777778,0.9479553903345725,0.9182156133828996,0.9526901669758813,0.9200743494423792,0.9554730983302412,0.045521944168843316,0.01965259237915876,0.004142064616947446,0.003103380777909839
2.3024792671203613,0.44408758481343585,0.9220297029702971,0.9520395518802317,gini,12,log2,40,1e-05,3,5,0.0,600,Pipeline,8881,,,,,,,1,0.9277777777777778,0.9479553903345725,0.9182156133828996,0.9526901669758813,0.9200743494423792,0.9554730983302412,0.07671509168279003,0.02430392787958664,0.004142064616947446,0.003103380777909839
2.2934537728627524,0.45100967089335126,0.9220297029702971,0.9520395518802317,gini,12,log2,40,1e-05,3,5,0.0,600,Pipeline,7521,,,,,,,1,0.9277777777777778,0.9479553903345725,0.9182156133828996,0.9526901669758813,0.9200743494423792,0.9554730983302412,0.10955640176374061,0.02524141431503558,0.004142064616947446,0.003103380777909839
2.1987367471059165,0.43728383382161456,0.9220297029702971,0.9520395518802317,gini,12,log2,40,1e-05,3,5,0.0,600,Pipeline,11281,,,,,,,1,0.9277777777777778,0.9479553903345725,0.9182156133828996,0.9526901669758813,0.9200743494423792,0.9554730983302412,0.10624533398121382,0.024662785117050782,0.004142064616947446,0.003103380777909839
2.2501396338144937,0.4329705238342285,0.9220297029702971,0.9520395518802317,gini,12,log2,40,1e-05,3,5,0.0,600,Pipeline,11001,,,,,,,1,0.9277777777777778,0.9479553903345725,0.9182156133828996,0.9526901669758813,0.9200743494423792,0.9554730983302412,0.09366562296244114,0.010071981207647109,0.004142064616947446,0.003103380777909839
2.2162182331085205,0.4364809989929199,0.9220297029702971,0.9520395518802317,gini,12,log2,40,1e-05,3,5,0.0,600,Pipeline,6701,,,,,,,1,0.9277777777777778,0.9479553903345725,0.9182156133828996,0.9526901669758813,0.9200743494423792,0.9554730983302412,0.031226033140106527,0.00916766865110638,0.004142064616947446,0.003103380777909839
2.3295892079671225,0.44823114077250165,0.9220297029702971,0.9520395518802317,gini,12,log2,40,1e-05,3,5,0.0,600,Pipeline,13281,,,,,,,1,0.9277777777777778,0.9479553903345725,0.9182156133828996,0.9526901669758813,0.9200743494423792,0.9554730983302412,0.02533399716719372,0.017750451996998293,0.004142064616947446,0.003103380777909839
2.1877734661102295,0.4222103754679362,0.9220297029702971,0.9520395518802317,gini,12,log2,40,1e-05,3,5,0.0,600,Pipeline,4361,,,,,,,1,0.9277777777777778,0.9479553903345725,0.9182156133828996,0.9526901669758813,0.9200743494423792,0.9554730983302412,0.012401202500458298,0.0011600164652210967,0.004142064616947446,0.003103380777909839
2.154193162918091,0.47530309359232586,0.9220297029702971,0.9520395518802317,gini,12,log2,40,1e-05,3,5,0.0,600,Pipeline,6901,,,,,,,1,0.9277777777777778,0.9479553903345725,0.9182156133828996,0.9526901669758813,0.9200743494423792,0.9554730983302412,0.06472284854660455,0.010761008877372979,0.004142064616947446,0.003103380777909839
2.270848592122396,0.48063238461812335,0.9220297029702971,0.9520395518802317,gini,12,log2,40,1e-05,3,5,0.0,600,Pipeline,9041,,,,,,,1,0.9277777777777778,0.9479553903345725,0.9182156133828996,0.9526901669758813,0.9200743494423792,0.9554730983302412,0.13091600022534858,0.05237242623057974,0.004142064616947446,0.003103380777909839
2.2839840253194175,0.44064029057820636,0.9220297029702971,0.9520395518802317,gini,12,log2,40,1e-05,3,5,0.0,600,Pipeline,7621,,,,,,,1,0.9277777777777778,0.9479553903345725,0.9182156133828996,0.9526901669758813,0.9200743494423792,0.9554730983302412,0.1487664320924853,0.00986147224760558,0.004142064616947446,0.003103380777909839
2.1761509577433267,0.4362119833628337,0.9220297029702971,0.9520395518802317,gini,12,log2,40,1e-05,3,5,0.0,600,Pipeline,13501,,,,,,,1,0.9277777777777778,0.9479553903345725,0.9182156133828996,0.9526901669758813,0.9200743494423792,0.9554730983302412,0.039529108398017376,0.003133931139174437,0.004142064616947446,0.003103380777909839
2.2592137654622397,0.4962480068206787,0.9220297029702971,0.9520395518802317,gini,12,log2,40,1e-05,3,5,0.0,600,Pipeline,10401,,,,,,,1,0.9277777777777778,0.9479553903345725,0.9182156133828996,0.9526901669758813,0.9200743494423792,0.9554730983302412,0.07407164308473396,0.035204704217797214,0.004142064616947446,0.003103380777909839
2.2707231839497886,0.45000656445821124,0.9220297029702971,0.9520395518802317,gini,12,log2,40,1e-05,3,5,0.0,600,Pipeline,6761,,,,,,,1,0.9277777777777778,0.9479553903345725,0.9182156133828996,0.9526901669758813,0.9200743494423792,0.9554730983302412,0.13467424378255402,0.02813185135366633,0.004142064616947446,0.003103380777909839
2.2373003164927163,0.4349824587504069,0.9220297029702971,0.9520395518802317,gini,12,log2,40,1e-05,3,5,0.0,600,Pipeline,2781,,,,,,,1,0.9277777777777778,0.9479553903345725,0.9182156133828996,0.9526901669758813,0.9200743494423792,0.9554730983302412,0.12101564541671107,0.011174165490189413,0.004142064616947446,0.003103380777909839
2.3552799224853516,0.4864172140757243,0.9220297029702971,0.9520395518802317,gini,12,log2,40,1e-05,3,5,0.0,600,Pipeline,1,,,,,,,1,0.9277777777777778,0.9479553903345725,0.9182156133828996,0.9526901669758813,0.9200743494423792,0.9554730983302412,0.06252970441808345,0.07126973829395133,0.004142064616947446,0.003103380777909839
2.3084909121195474,0.4230600992838542,0.9220297029702971,0.9520395518802317,gini,12,log2,40,1e-05,3,5,0.0,600,Pipeline,5341,,,,,,,1,0.9277777777777778,0.9479553903345725,0.9182156133828996,0.9526901669758813,0.9200743494423792,0.9554730983302412,0.1807869506860961,0.04008258753665206,0.004142064616947446,0.003103380777909839
2.260326544443766,0.45417261123657227,0.9220297029702971,0.9520395518802317,gini,12,log2,40,1e-05,3,5,0.0,600,Pipeline,10541,,,,,,,1,0.9277777777777778,0.9479553903345725,0.9182156133828996,0.9526901669758813,0.9200743494423792,0.9554730983302412,0.07833080721473329,0.02113792704370449,0.004142064616947446,0.003103380777909839
2.2172834078470864,0.5014418760935465,0.9220297029702971,0.9520395518802317,gini,12,log2,40,1e-05,3,5,0.0,600,Pipeline,4061,,,,,,,1,0.9277777777777778,0.9479553903345725,0.9182156133828996,0.9526901669758813,0.9200743494423792,0.9554730983302412,0.0993918336769281,0.059389992630653435,0.004142064616947446,0.003103380777909839
2.2516066233317056,0.47956069310506183,0.9220297029702971,0.9520395518802317,gini,12,log2,40,1e-05,3,5,0.0,600,Pipeline,901,,,,,,,1,0.9277777777777778,0.9479553903345725,0.9182156133828996,0.9526901669758813,0.9200743494423792,0.9554730983302412,0.14775178748207776,0.05074456858998745,0.004142064616947446,0.003103380777909839
2.1793323357899985,0.4422132174173991,0.9220297029702971,0.9520395518802317,gini,12,log2,40,1e-05,3,5,0.0,600,Pipeline,9541,,,,,,,1,0.9277777777777778,0.9479553903345725,0.9182156133828996,0.9526901669758813,0.9200743494423792,0.9554730983302412,0.07348091310499806,0.02472534564025156,0.004142064616947446,0.003103380777909839
2.3434626261393228,0.43834956487019855,0.9220297029702971,0.9520395518802317,gini,12,log2,40,1e-05,3,5,0.0,600,Pipeline,321,,,,,,,1,0.9277777777777778,0.9479553903345725,0.9182156133828996,0.9526901669758813,0.9200743494423792,0.9554730983302412,0.13767509546110632,0.032019108825043364,0.004142064616947446,0.003103380777909839
2.2516566117604575,0.493477741877238,0.9220297029702971,0.9520395518802317,gini,12,log2,40,1e-05,3,5,0.0,600,Pipeline,3061,,,,,,,1,0.9277777777777778,0.9479553903345725,0.9182156133828996,0.9526901669758813,0.9200743494423792,0.9554730983302412,0.09792107579434879,0.05960280939211557,0.004142064616947446,0.003103380777909839
2.153564691543579,0.4404129981994629,0.9220297029702971,0.9520395518802317,gini,12,log2,40,1e-05,3,5,0.0,600,Pipeline,181,,,,,,,1,0.9277777777777778,0.9479553903345725,0.9182156133828996,0.9526901669758813,0.9200743494423792,0.9554730983302412,0.05358774835651411,0.030446209442861614,0.004142064616947446,0.003103380777909839
2.3584518432617188,0.5314962863922119,0.9220297029702971,0.9520395518802317,gini,12,log2,40,1e-05,3,5,0.0,600,Pipeline,6241,,,,,,,1,0.9277777777777778,0.9479553903345725,0.9182156133828996,0.9526901669758813,0.9200743494423792,0.9554730983302412,0.22119199399574271,0.048881809055093636,0.004142064616947446,0.003103380777909839
2.1772181193033853,0.43183477719624835,0.9220297029702971,0.9520395518802317,gini,12,log2,40,1e-05,3,5,0.0,600,Pipeline,13381,,,,,,,1,0.9277777777777778,0.9479553903345725,0.9182156133828996,0.9526901669758813,0.9200743494423792,0.9554730983302412,0.05707243722362135,0.010739564688912817,0.004142064616947446,0.003103380777909839
2.194003105163574,0.4591512680053711,0.9220297029702971,0.9520395518802317,gini,12,log2,40,1e-05,3,5,0.0,600,Pipeline,581,,,,,,,1,0.9277777777777778,0.9479553903345725,0.9182156133828996,0.9526901669758813,0.9200743494423792,0.9554730983302412,0.05882560489324852,0.053090707071994564,0.004142064616947446,0.003103380777909839
2.184156894683838,0.45034074783325195,0.9220297029702971,0.9520395518802317,gini,12,log2,40,1e-05,3,5,0.0,600,Pipeline,4721,,,,,,,1,0.9277777777777778,0.9479553903345725,0.9182156133828996,0.9526901669758813,0.9200743494423792,0.9554730983302412,0.08860062149124803,0.02494620215996776,0.004142064616947446,0.003103380777909839
2.313060998916626,0.4562925497690837,0.9220297029702971,0.9520395518802317,gini,12,log2,40,1e-05,3,5,0.0,600,Pipeline,1821,,,,,,,1,0.9277777777777778,0.9479553903345725,0.9182156133828996,0.9526901669758813,0.9200743494423792,0.9554730983302412,0.16593957124581712,0.031900766964327504,0.004142064616947446,0.003103380777909839
2.2572542826334634,0.4386657079060872,0.9220297029702971,0.9520395518802317,gini,12,log2,40,1e-05,3,5,0.0,600,Pipeline,8561,,,,,,,1,0.9277777777777778,0.9479553903345725,0.9182156133828996,0.9526901669758813,0.9200743494423792,0.9554730983302412,0.15899902742865307,0.02235483457600995,0.004142064616947446,0.003103380777909839
2.24674121538798,0.4622749487559001,0.9220297029702971,0.9520395518802317,gini,12,log2,40,1e-05,3,5,0.0,600,Pipeline,4221,,,,,,,1,0.9277777777777778,0.9479553903345725,0.9182156133828996,0.9526901669758813,0.9200743494423792,0.9554730983302412,0.13435421367012165,0.012034813097264148,0.004142064616947446,0.003103380777909839
2.098273992538452,0.4257076581319173,0.9220297029702971,0.9520395518802317,gini,12,log2,40,1e-05,3,5,0.0,600,Pipeline,13421,,,,,,,1,0.9277777777777778,0.9479553903345725,0.9182156133828996,0.9526901669758813,0.9200743494423792,0.9554730983302412,0.08735520850433721,0.010725020278144823,0.004142064616947446,0.003103380777909839
2.4159794648488364,0.4373966058095296,0.9220297029702971,0.9520395518802317,gini,12,log2,40,1e-05,3,5,0.0,600,Pipeline,7981,,,,,,,1,0.9277777777777778,0.9479553903345725,0.9182156133828996,0.9526901669758813,0.9200743494423792,0.9554730983302412,0.14101885741571704,0.02316618584718283,0.004142064616947446,0.003103380777909839
2.27378257115682,0.4248545964558919,0.9220297029702971,0.9520395518802317,gini,12,log2,40,1e-05,3,5,0.0,600,Pipeline,461,,,,,,,1,0.9277777777777778,0.9479553903345725,0.9182156133828996,0.9526901669758813,0.9200743494423792,0.9554730983302412,0.035936553827591027,0.0028662058477920494,0.004142064616947446,0.003103380777909839
2.2546744346618652,0.4259832700093587,0.9220297029702971,0.9520395518802317,gini,12,log2,40,1e-05,3,5,0.0,600,Pipeline,381,,,,,,,1,0.9277777777777778,0.9479553903345725,0.9182156133828996,0.9526901669758813,0.9200743494423792,0.9554730983302412,0.052212211090290124,0.004294487689074254,0.004142064616947446,0.003103380777909839
2.276753584543864,0.4189450740814209,0.9220297029702971,0.9520395518802317,gini,12,log2,40,1e-05,3,5,0.0,600,Pipeline,9841,,,,,,,1,0.9277777777777778,0.9479553903345725,0.9182156133828996,0.9526901669758813,0.9200743494423792,0.9554730983302412,0.02663492547756463,0.006988687577145975,0.004142064616947446,0.003103380777909839
2.2503565152486167,0.45407946904500324,0.9220297029702971,0.9520395518802317,gini,12,log2,40,1e-05,3,5,0.0,600,Pipeline,11301,,,,,,,1,0.9277777777777778,0.9479553903345725,0.9182156133828996,0.9526901669758813,0.9200743494423792,0.9554730983302412,0.06671381101543968,0.04262155972203988,0.004142064616947446,0.003103380777909839
2.2687044938405356,0.4271086057027181,0.9220297029702971,0.9520395518802317,gini,12,log2,40,1e-05,3,5,0.0,600,Pipeline,7441,,,,,,,1,0.9277777777777778,0.9479553903345725,0.9182156133828996,0.9526901669758813,0.9200743494423792,0.9554730983302412,0.069036678364011,0.01124005782762182,0.004142064616947446,0.003103380777909839
2.278306802113851,0.42521166801452637,0.9220297029702971,0.9520395518802317,gini,12,log2,40,1e-05,3,5,0.0,600,Pipeline,9081,,,,,,,1,0.9277777777777778,0.9479553903345725,0.9182156133828996,0.9526901669758813,0.9200743494423792,0.9554730983302412,0.046486282081122245,0.021603065616175764,0.004142064616947446,0.003103380777909839
2.2377208868662515,0.43698350588480633,0.9220297029702971,0.9520395518802317,gini,12,log2,40,1e-05,3,5,0.0,600,Pipeline,3601,,,,,,,1,0.9277777777777778,0.9479553903345725,0.9182156133828996,0.9526901669758813,0.9200743494423792,0.9554730983302412,0.24403251065712436,0.02137012306715708,0.004142064616947446,0.003103380777909839
2.251742680867513,0.45409520467122394,0.9220297029702971,0.9520395518802317,gini,12,log2,40,1e-05,3,5,0.0,600,Pipeline,4301,,,,,,,1,0.9277777777777778,0.9479553903345725,0.9182156133828996,0.9526901669758813,0.9200743494423792,0.9554730983302412,0.046101625058181536,0.02654214307951681,0.004142064616947446,0.003103380777909839
2.2883829275767007,0.45678242047627765,0.9220297029702971,0.9520395518802317,gini,12,log2,40,1e-05,3,5,0.0,600,Pipeline,2401,,,,,,,1,0.9277777777777778,0.9479553903345725,0.9182156133828996,0.9526901669758813,0.9200743494423792,0.9554730983302412,0.05525754247276654,0.033745340818181,0.004142064616947446,0.003103380777909839
2.267399231592814,0.5035807291666666,0.9220297029702971,0.9520395518802317,gini,12,log2,40,1e-05,3,5,0.0,600,Pipeline,12921,,,,,,,1,0.9277777777777778,0.9479553903345725,0.9182156133828996,0.9526901669758813,0.9200743494423792,0.9554730983302412,0.019317418702912804,0.026365065928173403,0.004142064616947446,0.003103380777909839
2.2992798487345376,0.44252816836039227,0.9220297029702971,0.9520395518802317,gini,12,log2,40,1e-05,3,5,0.0,600,Pipeline,12401,,,,,,,1,0.9277777777777778,0.9479553903345725,0.9182156133828996,0.9526901669758813,0.9200743494423792,0.9554730983302412,0.16996076722399306,0.02544154669160615,0.004142064616947446,0.003103380777909839
2.3116358121236167,0.4451986948649089,0.9220297029702971,0.9520395518802317,gini,12,log2,40,1e-05,3,5,0.0,600,Pipeline,8541,,,,,,,1,0.9277777777777778,0.9479553903345725,0.9182156133828996,0.9526901669758813,0.9200743494423792,0.9554730983302412,0.10327503995372661,0.02511588223711906,0.004142064616947446,0.003103380777909839
2.2969747384389243,0.45116106669108075,0.9220297029702971,0.9520395518802317,gini,12,log2,40,1e-05,3,5,0.0,600,Pipeline,8141,,,,,,,1,0.9277777777777778,0.9479553903345725,0.9182156133828996,0.9526901669758813,0.9200743494423792,0.9554730983302412,0.09464751239155883,0.03275698741264294,0.004142064616947446,0.003103380777909839
2.349269469579061,0.5146607557932535,0.9220297029702971,0.9520395518802317,gini,12,log2,40,1e-05,3,5,0.0,600,Pipeline,6521,,,,,,,1,0.9277777777777778,0.9479553903345725,0.9182156133828996,0.9526901669758813,0.9200743494423792,0.9554730983302412,0.06804958146796043,0.07349792097518353,0.004142064616947446,0.003103380777909839
2.253883202870687,0.5003411769866943,0.9220297029702971,0.9520395518802317,gini,12,log2,40,1e-05,3,5,0.0,600,Pipeline,1001,,,,,,,1,0.9277777777777778,0.9479553903345725,0.9182156133828996,0.9526901669758813,0.9200743494423792,0.9554730983302412,0.0910426460407537,0.06951794956046572,0.004142064616947446,0.003103380777909839
2.2567689418792725,0.4647254943847656,0.9220297029702971,0.9520395518802317,gini,12,log2,40,1e-05,3,5,0.0,600,Pipeline,12121,,,,,,,1,0.9277777777777778,0.9479553903345725,0.9182156133828996,0.9526901669758813,0.9200743494423792,0.9554730983302412,0.13581311532348767,0.01673052191052357,0.004142064616947446,0.003103380777909839
2.3272247314453125,0.48142774899800617,0.9220297029702971,0.9520395518802317,gini,12,log2,40,1e-05,3,5,0.0,600,Pipeline,4421,,,,,,,1,0.9277777777777778,0.9479553903345725,0.9182156133828996,0.9526901669758813,0.9200743494423792,0.9554730983302412,0.052853584707915784,0.0375427576557385,0.004142064616947446,0.003103380777909839
2.198423465092977,0.44275585810343426,0.9220297029702971,0.9520395518802317,gini,12,log2,40,1e-05,3,5,0.0,600,Pipeline,7781,,,,,,,1,0.9277777777777778,0.9479553903345725,0.9182156133828996,0.9526901669758813,0.9200743494423792,0.9554730983302412,0.10137498631919911,0.012580129618675455,0.004142064616947446,0.003103380777909839
2.234809478123983,0.43854467074076336,0.9220297029702971,0.9520395518802317,gini,12,log2,40,1e-05,3,5,0.0,600,Pipeline,1401,,,,,,,1,0.9277777777777778,0.9479553903345725,0.9182156133828996,0.9526901669758813,0.9200743494423792,0.9554730983302412,0.05801006560022264,0.03400321972646825,0.004142064616947446,0.003103380777909839
2.308682839075724,0.4638102054595947,0.9220297029702971,0.9520395518802317,gini,12,log2,40,1e-05,3,5,0.0,600,Pipeline,121,,,,,,,1,0.9277777777777778,0.9479553903345725,0.9182156133828996,0.9526901669758813,0.9200743494423792,0.9554730983302412,0.11524179810366632,0.049442603130048994,0.004142064616947446,0.003103380777909839
2.1737492879231772,0.4585750897725423,0.9220297029702971,0.9520395518802317,gini,12,log2,40,1e-05,3,5,0.0,600,Pipeline,4661,,,,,,,1,0.9277777777777778,0.9479553903345725,0.9182156133828996,0.9526901669758813,0.9200743494423792,0.9554730983302412,0.01824430193983379,0.05530080951270908,0.004142064616947446,0.003103380777909839
2.4145187536875405,0.5431880156199137,0.9220297029702971,0.9520395518802317,gini,12,log2,40,1e-05,3,5,0.0,600,Pipeline,8461,,,,,,,1,0.9277777777777778,0.9479553903345725,0.9182156133828996,0.9526901669758813,0.9200743494423792,0.9554730983302412,0.15659641660544177,0.06423621896330503,0.004142064616947446,0.003103380777909839
2.2927101453145347,0.42760451634724933,0.9220297029702971,0.9520395518802317,gini,12,log2,40,1e-05,3,5,0.0,600,Pipeline,5281,,,,,,,1,0.9277777777777778,0.9479553903345725,0.9182156133828996,0.9526901669758813,0.9200743494423792,0.9554730983302412,0.08988659562287399,0.005634734858195012,0.004142064616947446,0.003103380777909839
2.321180740992228,0.4540703296661377,0.9220297029702971,0.9520395518802317,gini,12,log2,40,1e-05,3,5,0.0,600,Pipeline,7661,,,,,,,1,0.9277777777777778,0.9479553903345725,0.9182156133828996,0.9526901669758813,0.9200743494423792,0.9554730983302412,0.027904320323634952,0.014394913423235546,0.004142064616947446,0.003103380777909839
2.223196347554525,0.4649811585744222,0.9220297029702971,0.9520395518802317,gini,12,log2,40,1e-05,3,5,0.0,600,Pipeline,13921,,,,,,,1,0.9277777777777778,0.9479553903345725,0.9182156133828996,0.9526901669758813,0.9200743494423792,0.9554730983302412,0.03699301403614374,0.03002449456551995,0.004142064616947446,0.003103380777909839
2.2748542626698813,0.4377305507659912,0.9220297029702971,0.9520395518802317,gini,12,log2,40,1e-05,3,5,0.0,600,Pipeline,9701,,,,,,,1,0.9277777777777778,0.9479553903345725,0.9182156133828996,0.9526901669758813,0.9200743494423792,0.9554730983302412,0.07839820456859745,0.009397579228337748,0.004142064616947446,0.003103380777909839
2.159381945927938,0.4670728047688802,0.9220297029702971,0.9520395518802317,gini,12,log2,40,1e-05,3,5,0.0,600,Pipeline,5061,,,,,,,1,0.9277777777777778,0.9479553903345725,0.9182156133828996,0.9526901669758813,0.9200743494423792,0.9554730983302412,0.07501525376714017,0.030567657904663995,0.004142064616947446,0.003103380777909839
2.3459930419921875,0.4356687863667806,0.9220297029702971,0.9520395518802317,gini,12,log2,40,1e-05,3,5,0.0,600,Pipeline,10081,,,,,,,1,0.9277777777777778,0.9479553903345725,0.9182156133828996,0.9526901669758813,0.9200743494423792,0.9554730983302412,0.045203453787663404,0.012710827069383002,0.004142064616947446,0.003103380777909839
2.278143882751465,0.4529365698496501,0.9220297029702971,0.9520395518802317,gini,12,log2,40,1e-05,3,5,0.0,600,Pipeline,841,,,,,,,1,0.9277777777777778,0.9479553903345725,0.9182156133828996,0.9526901669758813,0.9200743494423792,0.9554730983302412,0.058076398535808656,0.0330279317955453,0.004142064616947446,0.003103380777909839
2.278646151224772,0.4194635550181071,0.9220297029702971,0.9520395518802317,gini,12,log2,40,1e-05,3,5,0.0,600,Pipeline,10481,,,,,,,1,0.9277777777777778,0.9479553903345725,0.9182156133828996,0.9526901669758813,0.9200743494423792,0.9554730983302412,0.06105458515734144,0.01093607145220498,0.004142064616947446,0.003103380777909839
2.2173779010772705,0.4215692679087321,0.9220297029702971,0.9520395518802317,gini,12,log2,40,1e-05,3,5,0.0,600,Pipeline,3461,,,,,,,1,0.9277777777777778,0.9479553903345725,0.9182156133828996,0.9526901669758813,0.9200743494423792,0.9554730983302412,0.070215976263702,0.006655399554802469,0.004142064616947446,0.003103380777909839
2.1959502696990967,0.4567004044850667,0.9220297029702971,0.9520395518802317,gini,12,log2,40,1e-05,3,5,0.0,600,Pipeline,8161,,,,,,,1,0.9277777777777778,0.9479553903345725,0.9182156133828996,0.9526901669758813,0.9200743494423792,0.9554730983302412,0.07375266484640045,0.015071815004714103,0.004142064616947446,0.003103380777909839
2.251765330632528,0.45279328028361004,0.9220297029702971,0.9520395518802317,gini,12,log2,40,1e-05,3,5,0.0,600,Pipeline,6961,,,,,,,1,0.9277777777777778,0.9479553903345725,0.9182156133828996,0.9526901669758813,0.9200743494423792,0.9554730983302412,0.10354068247854974,0.02448790409300169,0.004142064616947446,0.003103380777909839
2.2438637415568032,0.4442179203033447,0.9220297029702971,0.9520395518802317,gini,12,log2,40,1e-05,3,5,0.0,600,Pipeline,13741,,,,,,,1,0.9277777777777778,0.9479553903345725,0.9182156133828996,0.9526901669758813,0.9200743494423792,0.9554730983302412,0.05883089726445544,0.02970027469096061,0.004142064616947446,0.003103380777909839
2.257781664530436,0.44425400098164874,0.9220297029702971,0.9520395518802317,gini,12,log2,40,1e-05,3,5,0.0,600,Pipeline,241,,,,,,,1,0.9277777777777778,0.9479553903345725,0.9182156133828996,0.9526901669758813,0.9200743494423792,0.9554730983302412,0.057283325853425986,0.023632262398308523,0.004142064616947446,0.003103380777909839
2.2914885679880777,0.49074753125508624,0.9220297029702971,0.9520395518802317,gini,12,log2,40,1e-05,3,5,0.0,600,Pipeline,12821,,,,,,,1,0.9277777777777778,0.9479553903345725,0.9182156133828996,0.9526901669758813,0.9200743494423792,0.9554730983302412,0.1132526575534795,0.03994510881423297,0.004142064616947446,0.003103380777909839
2.194493611653646,0.4617941379547119,0.9220297029702971,0.9520395518802317,gini,12,log2,40,1e-05,3,5,0.0,600,Pipeline,3941,,,,,,,1,0.9277777777777778,0.9479553903345725,0.9182156133828996,0.9526901669758813,0.9200743494423792,0.9554730983302412,0.057388326629203144,0.03550347516783414,0.004142064616947446,0.003103380777909839
2.1641485691070557,0.45055190722147626,0.9220297029702971,0.9520395518802317,gini,12,log2,40,1e-05,3,5,0.0,600,Pipeline,6941,,,,,,,1,0.9277777777777778,0.9479553903345725,0.9182156133828996,0.9526901669758813,0.9200743494423792,0.9554730983302412,0.04606790369166494,0.06505533528806853,0.004142064616947446,0.003103380777909839
2.233295440673828,0.4624810218811035,0.9220297029702971,0.9520395518802317,gini,12,log2,40,1e-05,3,5,0.0,600,Pipeline,13981,,,,,,,1,0.9277777777777778,0.9479553903345725,0.9182156133828996,0.9526901669758813,0.9200743494423792,0.9554730983302412,0.060232610826212195,0.015225416742344042,0.004142064616947446,0.003103380777909839
2.2664056619008384,0.47963643074035645,0.9220297029702971,0.9520395518802317,gini,12,log2,40,1e-05,3,5,0.0,600,Pipeline,3961,,,,,,,1,0.9277777777777778,0.9479553903345725,0.9182156133828996,0.9526901669758813,0.9200743494423792,0.9554730983302412,0.1575810738139544,0.013814028577248418,0.004142064616947446,0.003103380777909839
2.2302920818328857,0.43368077278137207,0.9220297029702971,0.9520395518802317,gini,12,log2,40,1e-05,3,5,0.0,600,Pipeline,10161,,,,,,,1,0.9277777777777778,0.9479553903345725,0.9182156133828996,0.9526901669758813,0.9200743494423792,0.9554730983302412,0.059790972714761866,0.039619604842308705,0.004142064616947446,0.003103380777909839
2.3169448375701904,0.4469310442606608,0.9220297029702971,0.9520395518802317,gini,12,log2,40,1e-05,3,5,0.0,600,Pipeline,12581,,,,,,,1,0.9277777777777778,0.9479553903345725,0.9182156133828996,0.9526901669758813,0.9200743494423792,0.9554730983302412,0.06617227551631566,0.03459492632709556,0.004142064616947446,0.003103380777909839
2.263167222340902,0.45083077748616535,0.9220297029702971,0.9520395518802317,gini,12,log2,40,1e-05,3,5,0.0,600,Pipeline,4821,,,,,,,1,0.9277777777777778,0.9479553903345725,0.9182156133828996,0.9526901669758813,0.9200743494423792,0.9554730983302412,0.03616010122557744,0.0327938857045343,0.004142064616947446,0.003103380777909839
2.5157756010691323,0.5953553517659506,0.9220297029702971,0.9520395518802317,gini,12,log2,40,1e-05,3,5,0.0,600,Pipeline,11641,,,,,,,1,0.9277777777777778,0.9479553903345725,0.9182156133828996,0.9526901669758813,0.9200743494423792,0.9554730983302412,0.5260535780440786,0.16276638541055072,0.004142064616947446,0.003103380777909839
3.5837996006011963,0.6855198542277018,0.9220297029702971,0.9520395518802317,gini,12,log2,40,1e-05,3,5,0.0,600,Pipeline,5441,,,,,,,1,0.9277777777777778,0.9479553903345725,0.9182156133828996,0.9526901669758813,0.9200743494423792,0.9554730983302412,0.21103252049089916,0.05776950687664331,0.004142064616947446,0.003103380777909839
3.708188851674398,0.6280767917633057,0.9220297029702971,0.9520395518802317,gini,12,log2,40,1e-05,3,5,0.0,600,Pipeline,13121,,,,,,,1,0.9277777777777778,0.9479553903345725,0.9182156133828996,0.9526901669758813,0.9200743494423792,0.9554730983302412,0.2800973146295747,0.14879249818428392,0.004142064616947446,0.003103380777909839
2.63516902923584,0.48436689376831055,0.9220297029702971,0.9520395518802317,gini,12,log2,40,1e-05,3,5,0.0,600,Pipeline,3081,,,,,,,1,0.9277777777777778,0.9479553903345725,0.9182156133828996,0.9526901669758813,0.9200743494423792,0.9554730983302412,0.5148967513242495,0.024651255238176625,0.004142064616947446,0.003103380777909839
2.251013437906901,0.508253256479899,0.9220297029702971,0.9520395518802317,gini,12,log2,40,1e-05,3,5,0.0,600,Pipeline,11361,,,,,,,1,0.9277777777777778,0.9479553903345725,0.9182156133828996,0.9526901669758813,0.9200743494423792,0.9554730983302412,0.06997434129477553,0.046598847430706365,0.004142064616947446,0.003103380777909839
2.293036381403605,0.46114039421081543,0.9220297029702971,0.9520395518802317,gini,12,log2,40,1e-05,3,5,0.0,600,Pipeline,9001,,,,,,,1,0.9277777777777778,0.9479553903345725,0.9182156133828996,0.9526901669758813,0.9200743494423792,0.9554730983302412,0.04091200841992132,0.05420316987240356,0.004142064616947446,0.003103380777909839
2.308645725250244,0.461781104405721,0.9220297029702971,0.9520395518802317,gini,12,log2,40,1e-05,3,5,0.0,600,Pipeline,1741,,,,,,,1,0.9277777777777778,0.9479553903345725,0.9182156133828996,0.9526901669758813,0.9200743494423792,0.9554730983302412,0.10649518497773514,0.021092003317792506,0.004142064616947446,0.003103380777909839
2.1648217837015786,0.4542695681254069,0.9220297029702971,0.9520395518802317,gini,12,log2,40,1e-05,3,5,0.0,600,Pipeline,6061,,,,,,,1,0.9277777777777778,0.9479553903345725,0.9182156133828996,0.9526901669758813,0.9200743494423792,0.9554730983302412,0.061453484277963676,0.009175107760922306,0.004142064616947446,0.003103380777909839
2.1172258059183755,0.409726619720459,0.9220297029702971,0.9520395518802317,gini,12,log2,40,1e-05,3,5,0.0,600,Pipeline,4761,,,,,,,1,0.9277777777777778,0.9479553903345725,0.9182156133828996,0.9526901669758813,0.9200743494423792,0.9554730983302412,0.02894079648479267,0.022862089942548524,0.004142064616947446,0.003103380777909839
2.2968329588572183,0.40215881665547687,0.9220297029702971,0.9520395518802317,gini,12,log2,40,1e-05,3,5,0.0,600,Pipeline,4341,,,,,,,1,0.9277777777777778,0.9479553903345725,0.9182156133828996,0.9526901669758813,0.9200743494423792,0.9554730983302412,0.0587148810459481,0.020730357776852754,0.004142064616947446,0.003103380777909839
2.26453963915507,0.46722714106241864,0.9220297029702971,0.9520395518802317,gini,12,log2,40,1e-05,3,5,0.0,600,Pipeline,7081,,,,,,,1,0.9277777777777778,0.9479553903345725,0.9182156133828996,0.9526901669758813,0.9200743494423792,0.9554730983302412,0.06866454063806562,0.022365458461724306,0.004142064616947446,0.003103380777909839
2.185419797897339,0.4411758581797282,0.9220297029702971,0.9520395518802317,gini,12,log2,40,1e-05,3,5,0.0,600,Pipeline,5161,,,,,,,1,0.9277777777777778,0.9479553903345725,0.9182156133828996,0.9526901669758813,0.9200743494423792,0.9554730983302412,0.012324692506259739,0.025000734850075743,0.004142064616947446,0.003103380777909839
2.2912240823109946,0.46757713953653973,0.9220297029702971,0.9520395518802317,gini,12,log2,40,1e-05,3,5,0.0,600,Pipeline,8261,,,,,,,1,0.9277777777777778,0.9479553903345725,0.9182156133828996,0.9526901669758813,0.9200743494423792,0.9554730983302412,0.1436551865893706,0.08424432125879817,0.004142064616947446,0.003103380777909839
2.307520548502604,0.4732027053833008,0.9220297029702971,0.9520395518802317,gini,12,log2,40,1e-05,3,5,0.0,600,Pipeline,7261,,,,,,,1,0.9277777777777778,0.9479553903345725,0.9182156133828996,0.9526901669758813,0.9200743494423792,0.9554730983302412,0.016217240270665168,0.0779766926617218,0.004142064616947446,0.003103380777909839
2.240809917449951,0.446257750193278,0.9220297029702971,0.9520395518802317,gini,12,log2,40,1e-05,3,5,0.0,600,Pipeline,12641,,,,,,,1,0.9277777777777778,0.9479553903345725,0.9182156133828996,0.9526901669758813,0.9200743494423792,0.9554730983302412,0.06595640608178667,0.03239755805584875,0.004142064616947446,0.003103380777909839
2.256025552749634,0.4629392623901367,0.9220297029702971,0.9520395518802317,gini,12,log2,40,1e-05,3,5,0.0,600,Pipeline,12961,,,,,,,1,0.9277777777777778,0.9479553903345725,0.9182156133828996,0.9526901669758813,0.9200743494423792,0.9554730983302412,0.10476390667751288,0.03688119803763464,0.004142064616947446,0.003103380777909839
2.204157829284668,0.44945359230041504,0.9220297029702971,0.9520395518802317,gini,12,log2,40,1e-05,3,5,0.0,600,Pipeline,11721,,,,,,,1,0.9277777777777778,0.9479553903345725,0.9182156133828996,0.9526901669758813,0.9200743494423792,0.9554730983302412,0.09842160523226524,0.037596660292139227,0.004142064616947446,0.003103380777909839
2.279346783955892,0.46252870559692383,0.9220297029702971,0.9520395518802317,gini,12,log2,40,1e-05,3,5,0.0,600,Pipeline,161,,,,,,,1,0.9277777777777778,0.9479553903345725,0.9182156133828996,0.9526901669758813,0.9200743494423792,0.9554730983302412,0.043626608828589666,0.04916611346270677,0.004142064616947446,0.003103380777909839
2.2315005461374917,0.4316006501515706,0.9220297029702971,0.9520395518802317,gini,12,log2,40,1e-05,3,5,0.0,600,Pipeline,1641,,,,,,,1,0.9277777777777778,0.9479553903345725,0.9182156133828996,0.9526901669758813,0.9200743494423792,0.9554730983302412,0.0221968570202277,0.0019331051449375486,0.004142064616947446,0.003103380777909839
2.1777618726094565,0.5076627731323242,0.9220297029702971,0.9520395518802317,gini,12,log2,40,1e-05,3,5,0.0,600,Pipeline,8041,,,,,,,1,0.9277777777777778,0.9479553903345725,0.9182156133828996,0.9526901669758813,0.9200743494423792,0.9554730983302412,0.12821659059780557,0.05091979956326143,0.004142064616947446,0.003103380777909839
2.2854624589284263,0.4986908435821533,0.9220297029702971,0.9520395518802317,gini,12,log2,40,1e-05,3,5,0.0,600,Pipeline,6621,,,,,,,1,0.9277777777777778,0.9479553903345725,0.9182156133828996,0.9526901669758813,0.9200743494423792,0.9554730983302412,0.10861619264706872,0.07076070106853671,0.004142064616947446,0.003103380777909839
2.183873414993286,0.4752469062805176,0.9220297029702971,0.9520395518802317,gini,12,log2,40,1e-05,3,5,0.0,600,Pipeline,3581,,,,,,,1,0.9277777777777778,0.9479553903345725,0.9182156133828996,0.9526901669758813,0.9200743494423792,0.9554730983302412,0.01564315895487767,0.06233993724680001,0.004142064616947446,0.003103380777909839
2.33190655708313,0.44725290934244794,0.9220297029702971,0.9520395518802317,gini,12,log2,40,1e-05,3,5,0.0,600,Pipeline,1661,,,,,,,1,0.9277777777777778,0.9479553903345725,0.9182156133828996,0.9526901669758813,0.9200743494423792,0.9554730983302412,0.1320684573838168,0.014944903695209013,0.004142064616947446,0.003103380777909839
2.304163138071696,0.4662488301595052,0.9220297029702971,0.9520395518802317,gini,12,log2,40,1e-05,3,5,0.0,600,Pipeline,6501,,,,,,,1,0.9277777777777778,0.9479553903345725,0.9182156133828996,0.9526901669758813,0.9200743494423792,0.9554730983302412,0.06789228314489382,0.04078129665238716,0.004142064616947446,0.003103380777909839
2.2044339179992676,0.44530479113260907,0.9220297029702971,0.9520395518802317,gini,12,log2,40,1e-05,3,5,0.0,600,Pipeline,741,,,,,,,1,0.9277777777777778,0.9479553903345725,0.9182156133828996,0.9526901669758813,0.9200743494423792,0.9554730983302412,0.16546427895572932,0.03074631020780579,0.004142064616947446,0.003103380777909839
2.2929109732309976,0.45108874638875324,0.9220297029702971,0.9520395518802317,gini,12,log2,40,1e-05,3,5,0.0,600,Pipeline,4701,,,,,,,1,0.9277777777777778,0.9479553903345725,0.9182156133828996,0.9526901669758813,0.9200743494423792,0.9554730983302412,0.1520350798368935,0.028252295970157586,0.004142064616947446,0.003103380777909839
2.2895262241363525,0.43608514467875165,0.9220297029702971,0.9520395518802317,gini,12,log2,40,1e-05,3,5,0.0,600,Pipeline,5921,,,,,,,1,0.9277777777777778,0.9479553903345725,0.9182156133828996,0.9526901669758813,0.9200743494423792,0.9554730983302412,0.13587223474374172,0.015496554784390932,0.004142064616947446,0.003103380777909839
2.262298663457235,0.4622205098470052,0.9220297029702971,0.9520395518802317,gini,12,log2,40,1e-05,3,5,0.0,600,Pipeline,6841,,,,,,,1,0.9277777777777778,0.9479553903345725,0.9182156133828996,0.9526901669758813,0.9200743494423792,0.9554730983302412,0.18497083509620363,0.02949622070376349,0.004142064616947446,0.003103380777909839
2.187012275060018,0.44670836130777997,0.9220297029702971,0.9520395518802317,gini,12,log2,40,1e-05,3,5,0.0,600,Pipeline,7241,,,,,,,1,0.9277777777777778,0.9479553903345725,0.9182156133828996,0.9526901669758813,0.9200743494423792,0.9554730983302412,0.04765002404771642,0.019461300967172326,0.004142064616947446,0.003103380777909839
2.256730079650879,0.48226674397786456,0.9220297029702971,0.9520395518802317,gini,12,log2,40,1e-05,3,5,0.0,600,Pipeline,11581,,,,,,,1,0.9277777777777778,0.9479553903345725,0.9182156133828996,0.9526901669758813,0.9200743494423792,0.9554730983302412,0.07963594531340483,0.03962783765766095,0.004142064616947446,0.003103380777909839
2.230662186940511,0.47803958257039386,0.9220297029702971,0.9520395518802317,gini,12,log2,40,1e-05,3,5,0.0,600,Pipeline,12861,,,,,,,1,0.9277777777777778,0.9479553903345725,0.9182156133828996,0.9526901669758813,0.9200743494423792,0.9554730983302412,0.042130239950811665,0.07809325544547335,0.004142064616947446,0.003103380777909839
2.2675721645355225,0.47633926073710126,0.9220297029702971,0.9520395518802317,gini,12,log2,40,1e-05,3,5,0.0,600,Pipeline,521,,,,,,,1,0.9277777777777778,0.9479553903345725,0.9182156133828996,0.9526901669758813,0.9200743494423792,0.9554730983302412,0.11537352437870989,0.04541204953313501,0.004142064616947446,0.003103380777909839
2.2437883218129477,0.4368702570597331,0.9220297029702971,0.9520395518802317,gini,12,log2,40,1e-05,3,5,0.0,600,Pipeline,7941,,,,,,,1,0.9277777777777778,0.9479553903345725,0.9182156133828996,0.9526901669758813,0.9200743494423792,0.9554730983302412,0.041134906227107616,0.021030533248187513,0.004142064616947446,0.003103380777909839
2.223283529281616,0.5079520543416342,0.9220297029702971,0.9520395518802317,gini,12,log2,40,1e-05,3,5,0.0,600,Pipeline,10041,,,,,,,1,0.9277777777777778,0.9479553903345725,0.9182156133828996,0.9526901669758813,0.9200743494423792,0.9554730983302412,0.06618293593952526,0.037209913098834105,0.004142064616947446,0.003103380777909839
2.195072809855143,0.4386100769042969,0.9220297029702971,0.9520395518802317,gini,12,log2,40,1e-05,3,5,0.0,600,Pipeline,8941,,,,,,,1,0.9277777777777778,0.9479553903345725,0.9182156133828996,0.9526901669758813,0.9200743494423792,0.9554730983302412,0.04876230219743238,0.01741276962775456,0.004142064616947446,0.003103380777909839
2.2471460501352944,0.49641092618306476,0.9220297029702971,0.9520395518802317,gini,12,log2,40,1e-05,3,5,0.0,600,Pipeline,4561,,,,,,,1,0.9277777777777778,0.9479553903345725,0.9182156133828996,0.9526901669758813,0.9200743494423792,0.9554730983302412,0.022668777303392854,0.014608261947249443,0.004142064616947446,0.003103380777909839
2.2268778483072915,0.45032191276550293,0.9220297029702971,0.9520395518802317,gini,12,log2,40,1e-05,3,5,0.0,600,Pipeline,9461,,,,,,,1,0.9277777777777778,0.9479553903345725,0.9182156133828996,0.9526901669758813,0.9200743494423792,0.9554730983302412,0.07873557983879775,0.016992332526511392,0.004142064616947446,0.003103380777909839
2.2026754220326743,0.45621728897094727,0.9220297029702971,0.9520395518802317,gini,12,log2,40,1e-05,3,5,0.0,600,Pipeline,701,,,,,,,1,0.9277777777777778,0.9479553903345725,0.9182156133828996,0.9526901669758813,0.9200743494423792,0.9554730983302412,0.11394311512549098,0.05972039499595654,0.004142064616947446,0.003103380777909839
2.2059007485707602,0.47976255416870117,0.9220297029702971,0.9520395518802317,gini,12,log2,40,1e-05,3,5,0.0,600,Pipeline,7581,,,,,,,1,0.9277777777777778,0.9479553903345725,0.9182156133828996,0.9526901669758813,0.9200743494423792,0.9554730983302412,0.01479823498287598,0.04616208127692107,0.004142064616947446,0.003103380777909839
2.1976331869761148,0.4647939205169678,0.9220297029702971,0.9520395518802317,gini,12,log2,40,1e-05,3,5,0.0,600,Pipeline,3781,,,,,,,1,0.9277777777777778,0.9479553903345725,0.9182156133828996,0.9526901669758813,0.9200743494423792,0.9554730983302412,0.033334979720411974,0.02783701894705138,0.004142064616947446,0.003103380777909839
2.1752423445383706,0.4958128134409587,0.9220297029702971,0.9520395518802317,gini,12,log2,40,1e-05,3,5,0.0,600,Pipeline,1381,,,,,,,1,0.9277777777777778,0.9479553903345725,0.9182156133828996,0.9526901669758813,0.9200743494423792,0.9554730983302412,0.020297941799659408,0.020310524109187638,0.004142064616947446,0.003103380777909839
2.1532605489095054,0.4338504473368327,0.9220297029702971,0.9520395518802317,gini,12,log2,40,1e-05,3,5,0.0,600,Pipeline,13801,,,,,,,1,0.9277777777777778,0.9479553903345725,0.9182156133828996,0.9526901669758813,0.9200743494423792,0.9554730983302412,0.07469140662418851,0.012777992744285493,0.004142064616947446,0.003103380777909839
2.1594685713450112,0.4141658941904704,0.9220297029702971,0.9520395518802317,gini,12,log2,40,1e-05,3,5,0.0,600,Pipeline,2701,,,,,,,1,0.9277777777777778,0.9479553903345725,0.9182156133828996,0.9526901669758813,0.9200743494423792,0.9554730983302412,0.09671526217018213,0.02680811395419419,0.004142064616947446,0.003103380777909839
2.3682698408762612,0.42493478457132977,0.9220297029702971,0.9520395518802317,gini,12,log2,40,1e-05,3,5,0.0,600,Pipeline,5241,,,,,,,1,0.9277777777777778,0.9479553903345725,0.9182156133828996,0.9526901669758813,0.9200743494423792,0.9554730983302412,0.16631169424486036,0.005219029575265349,0.004142064616947446,0.003103380777909839
2.292614777882894,0.4793497721354167,0.9220297029702971,0.9520395518802317,gini,12,log2,40,1e-05,3,5,0.0,600,Pipeline,721,,,,,,,1,0.9277777777777778,0.9479553903345725,0.9182156133828996,0.9526901669758813,0.9200743494423792,0.9554730983302412,0.16639984380996475,0.05749713304117777,0.004142064616947446,0.003103380777909839
2.1854875087738037,0.4816438357035319,0.9220297029702971,0.9520395518802317,gini,12,log2,40,1e-05,3,5,0.0,600,Pipeline,3021,,,,,,,1,0.9277777777777778,0.9479553903345725,0.9182156133828996,0.9526901669758813,0.9200743494423792,0.9554730983302412,0.0871862910813161,0.06309740734959347,0.004142064616947446,0.003103380777909839
2.228440761566162,0.43777815500895184,0.9220297029702971,0.9520395518802317,gini,12,log2,40,1e-05,3,5,0.0,600,Pipeline,7101,,,,,,,1,0.9277777777777778,0.9479553903345725,0.9182156133828996,0.9526901669758813,0.9200743494423792,0.9554730983302412,0.05678760903322222,0.037376187927351034,0.004142064616947446,0.003103380777909839
2.1945225397745767,0.4676229953765869,0.9220297029702971,0.9520395518802317,gini,12,log2,40,1e-05,3,5,0.0,600,Pipeline,13601,,,,,,,1,0.9277777777777778,0.9479553903345725,0.9182156133828996,0.9526901669758813,0.9200743494423792,0.9554730983302412,0.03993563082596799,0.033854282455685,0.004142064616947446,0.003103380777909839
2.3281033833821616,0.4342963695526123,0.9220297029702971,0.9520395518802317,gini,12,log2,40,1e-05,3,5,0.0,600,Pipeline,7221,,,,,,,1,0.9277777777777778,0.9479553903345725,0.9182156133828996,0.9526901669758813,0.9200743494423792,0.9554730983302412,0.14707736531241136,0.012911811896178715,0.004142064616947446,0.003103380777909839
2.300573984781901,0.4417293071746826,0.9220297029702971,0.9520395518802317,gini,12,log2,40,1e-05,3,5,0.0,600,Pipeline,6641,,,,,,,1,0.9277777777777778,0.9479553903345725,0.9182156133828996,0.9526901669758813,0.9200743494423792,0.9554730983302412,0.10609931960365744,0.02409520647229665,0.004142064616947446,0.003103380777909839
2.262704610824585,0.42881250381469727,0.9220297029702971,0.9520395518802317,gini,12,log2,40,1e-05,3,5,0.0,600,Pipeline,6421,,,,,,,1,0.9277777777777778,0.9479553903345725,0.9182156133828996,0.9526901669758813,0.9200743494423792,0.9554730983302412,0.08901068445333343,0.005682434846477419,0.004142064616947446,0.003103380777909839
2.1070194244384766,0.4336558977762858,0.9220297029702971,0.9520395518802317,gini,12,log2,40,1e-05,3,5,0.0,600,Pipeline,10881,,,,,,,1,0.9277777777777778,0.9479553903345725,0.9182156133828996,0.9526901669758813,0.9200743494423792,0.9554730983302412,0.033012930125198695,0.01724706459837442,0.004142064616947446,0.003103380777909839
2.3325496514638266,0.46746357282002765,0.9220297029702971,0.9520395518802317,gini,12,log2,40,1e-05,3,5,0.0,600,Pipeline,13821,,,,,,,1,0.9277777777777778,0.9479553903345725,0.9182156133828996,0.9526901669758813,0.9200743494423792,0.9554730983302412,0.09502692743202658,0.04784652757826599,0.004142064616947446,0.003103380777909839
2.192334254582723,0.4867442448933919,0.9220297029702971,0.9520395518802317,gini,12,log2,40,1e-05,3,5,0.0,600,Pipeline,6001,,,,,,,1,0.9277777777777778,0.9479553903345725,0.9182156133828996,0.9526901669758813,0.9200743494423792,0.9554730983302412,0.0578354213564782,0.019066816445578307,0.004142064616947446,0.003103380777909839
2.230325222015381,0.4855352242787679,0.9220297029702971,0.9520395518802317,gini,12,log2,40,1e-05,3,5,0.0,600,Pipeline,9681,,,,,,,1,0.9277777777777778,0.9479553903345725,0.9182156133828996,0.9526901669758813,0.9200743494423792,0.9554730983302412,0.0900925782214178,0.04599237116485996,0.004142064616947446,0.003103380777909839
2.29296604792277,0.41323240598042804,0.9220297029702971,0.9520395518802317,gini,12,log2,40,1e-05,3,5,0.0,600,Pipeline,4381,,,,,,,1,0.9277777777777778,0.9479553903345725,0.9182156133828996,0.9526901669758813,0.9200743494423792,0.9554730983302412,0.08196776233383561,0.004493099616321849,0.004142064616947446,0.003103380777909839
2.230638345082601,0.48867058753967285,0.9220297029702971,0.9520395518802317,gini,12,log2,40,1e-05,3,5,0.0,600,Pipeline,6461,,,,,,,1,0.9277777777777778,0.9479553903345725,0.9182156133828996,0.9526901669758813,0.9200743494423792,0.9554730983302412,0.10019713161700836,0.04931464337277857,0.004142064616947446,0.003103380777909839
2.266680876413981,0.46555161476135254,0.9220297029702971,0.9520395518802317,gini,12,log2,40,1e-05,3,5,0.0,600,Pipeline,9481,,,,,,,1,0.9277777777777778,0.9479553903345725,0.9182156133828996,0.9526901669758813,0.9200743494423792,0.9554730983302412,0.1082290731043331,0.007233311313479999,0.004142064616947446,0.003103380777909839
2.344038168589274,0.4481195608774821,0.9220297029702971,0.9520395518802317,gini,12,log2,40,1e-05,3,5,0.0,600,Pipeline,4861,,,,,,,1,0.9277777777777778,0.9479553903345725,0.9182156133828996,0.9526901669758813,0.9200743494423792,0.9554730983302412,0.05909910408534728,0.016549066315398635,0.004142064616947446,0.003103380777909839
2.295912186304728,0.4472830295562744,0.9220297029702971,0.9520395518802317,gini,12,log2,40,1e-05,3,5,0.0,600,Pipeline,12301,,,,,,,1,0.9277777777777778,0.9479553903345725,0.9182156133828996,0.9526901669758813,0.9200743494423792,0.9554730983302412,0.030305890905686236,0.033012810032608066,0.004142064616947446,0.003103380777909839
2.2115277449289956,0.4485306739807129,0.9220297029702971,0.9520395518802317,gini,12,log2,40,1e-05,3,5,0.0,600,Pipeline,10221,,,,,,,1,0.9277777777777778,0.9479553903345725,0.9182156133828996,0.9526901669758813,0.9200743494423792,0.9554730983302412,0.06966434788329624,0.026760618689180143,0.004142064616947446,0.003103380777909839
2.2586113611857095,0.4268498420715332,0.9220297029702971,0.9520395518802317,gini,12,log2,40,1e-05,3,5,0.0,600,Pipeline,3881,,,,,,,1,0.9277777777777778,0.9479553903345725,0.9182156133828996,0.9526901669758813,0.9200743494423792,0.9554730983302412,0.052629918838586184,0.004640892159923375,0.004142064616947446,0.003103380777909839
2.2293385664621987,0.42552677790323895,0.9220297029702971,0.9520395518802317,gini,12,log2,40,1e-05,3,5,0.0,600,Pipeline,2821,,,,,,,1,0.9277777777777778,0.9479553903345725,0.9182156133828996,0.9526901669758813,0.9200743494423792,0.9554730983302412,0.039719649087056434,0.024052176853551765,0.004142064616947446,0.003103380777909839
2.2843647797902427,0.3416439692179362,0.9220297029702971,0.9520395518802317,gini,12,log2,40,1e-05,3,5,0.0,600,Pipeline,10521,,,,,,,1,0.9277777777777778,0.9479553903345725,0.9182156133828996,0.9526901669758813,0.9200743494423792,0.9554730983302412,0.08458572860867533,0.056923181068352195,0.004142064616947446,0.003103380777909839
