mean_fit_time,mean_score_time,mean_test_score,mean_train_score,param_clf__criterion,param_clf__max_depth,param_clf__max_features,param_clf__max_leaf_nodes,param_clf__min_impurity_split,param_clf__min_samples_leaf,param_clf__min_samples_split,param_clf__min_weight_fraction_leaf,param_clf__n_estimators,param_union__abstractTokenizedAndLemmatized,param_union__abstractWordCount,param_union__char_ngrams,param_union__titleWordCount,param_union__titleWordCount__select_chi2__k,param_union__title_keyword_vector,param_union__title_term_vector,param_union__word_ngrams,rank_test_score,split0_test_score,split0_train_score,split1_test_score,split1_train_score,split2_test_score,split2_train_score,std_fit_time,std_score_time,std_test_score,std_train_score
1.6313880284627278,0.23236449559529623,0.8737623762376238,0.9009927052943517,gini,12,log2,40,1e-05,3,5,0.0,600,,,,Pipeline,1840,,,,1,0.8740740740740741,0.9052044609665427,0.8847583643122676,0.9007421150278293,0.862453531598513,0.8970315398886828,0.029503555779345114,0.0019612608751834563,0.00910295179072373,0.0033412828222594
1.658153772354126,0.2377153237660726,0.8737623762376238,0.9009927052943517,gini,12,log2,40,1e-05,3,5,0.0,600,,,,Pipeline,1320,,,,1,0.8740740740740741,0.9052044609665427,0.8847583643122676,0.9007421150278293,0.862453531598513,0.8970315398886828,0.01467155276762904,0.010105869363811007,0.00910295179072373,0.0033412828222594
1.8678672313690186,0.230177640914917,0.8737623762376238,0.9009927052943517,gini,12,log2,40,1e-05,3,5,0.0,600,,,,Pipeline,880,,,,1,0.8740740740740741,0.9052044609665427,0.8847583643122676,0.9007421150278293,0.862453531598513,0.8970315398886828,0.1710162991781492,0.0027913888607284678,0.00910295179072373,0.0033412828222594
1.664690097173055,0.2643623352050781,0.8737623762376238,0.9009927052943517,gini,12,log2,40,1e-05,3,5,0.0,600,,,,Pipeline,2320,,,,1,0.8740740740740741,0.9052044609665427,0.8847583643122676,0.9007421150278293,0.862453531598513,0.8970315398886828,0.09176488830286839,0.045510537051413814,0.00910295179072373,0.0033412828222594
1.5454614162445068,0.3553620179494222,0.8737623762376238,0.9009927052943517,gini,12,log2,40,1e-05,3,5,0.0,600,,,,Pipeline,40,,,,1,0.8740740740740741,0.9052044609665427,0.8847583643122676,0.9007421150278293,0.862453531598513,0.8970315398886828,0.023199116024040504,0.019118075312921312,0.00910295179072373,0.0033412828222594
1.5670474370320637,0.2506257692972819,0.8737623762376238,0.9009927052943517,gini,12,log2,40,1e-05,3,5,0.0,600,,,,Pipeline,3600,,,,1,0.8740740740740741,0.9052044609665427,0.8847583643122676,0.9007421150278293,0.862453531598513,0.8970315398886828,0.03284409047495258,0.0061977911633479595,0.00910295179072373,0.0033412828222594
1.6745824813842773,0.24138847986857095,0.8737623762376238,0.9009927052943517,gini,12,log2,40,1e-05,3,5,0.0,600,,,,Pipeline,1400,,,,1,0.8740740740740741,0.9052044609665427,0.8847583643122676,0.9007421150278293,0.862453531598513,0.8970315398886828,0.03744718359101356,0.00834253171942604,0.00910295179072373,0.0033412828222594
1.7079033851623535,0.22771620750427246,0.8737623762376238,0.9009927052943517,gini,12,log2,40,1e-05,3,5,0.0,600,,,,Pipeline,2520,,,,1,0.8740740740740741,0.9052044609665427,0.8847583643122676,0.9007421150278293,0.862453531598513,0.8970315398886828,0.16672745596281885,0.0033064905784468603,0.00910295179072373,0.0033412828222594
1.8600242137908936,0.32197268803914386,0.8737623762376238,0.9009927052943517,gini,12,log2,40,1e-05,3,5,0.0,600,,,,Pipeline,240,,,,1,0.8740740740740741,0.9052044609665427,0.8847583643122676,0.9007421150278293,0.862453531598513,0.8970315398886828,0.08644824701863667,0.04983326868735547,0.00910295179072373,0.0033412828222594
1.7403286298116047,0.37206125259399414,0.8737623762376238,0.9009927052943517,gini,12,log2,40,1e-05,3,5,0.0,600,,,,Pipeline,2620,,,,1,0.8740740740740741,0.9052044609665427,0.8847583643122676,0.9007421150278293,0.862453531598513,0.8970315398886828,0.08722332871143736,0.03441551596632015,0.00910295179072373,0.0033412828222594
2.168005386988322,0.3270997206370036,0.8737623762376238,0.9009927052943517,gini,12,log2,40,1e-05,3,5,0.0,600,,,,Pipeline,120,,,,1,0.8740740740740741,0.9052044609665427,0.8847583643122676,0.9007421150278293,0.862453531598513,0.8970315398886828,0.07779120126120949,0.04295959578567958,0.00910295179072373,0.0033412828222594
2.404838482538859,0.4533986250559489,0.8737623762376238,0.9009927052943517,gini,12,log2,40,1e-05,3,5,0.0,600,,,,Pipeline,3280,,,,1,0.8740740740740741,0.9052044609665427,0.8847583643122676,0.9007421150278293,0.862453531598513,0.8970315398886828,0.2366943306964556,0.09915523588225879,0.00910295179072373,0.0033412828222594
2.725057681401571,0.43119343121846515,0.8737623762376238,0.9009927052943517,gini,12,log2,40,1e-05,3,5,0.0,600,,,,Pipeline,2720,,,,1,0.8740740740740741,0.9052044609665427,0.8847583643122676,0.9007421150278293,0.862453531598513,0.8970315398886828,0.2900451277287023,0.03461586448972269,0.00910295179072373,0.0033412828222594
2.9186089833577475,0.4696834087371826,0.8737623762376238,0.9009927052943517,gini,12,log2,40,1e-05,3,5,0.0,600,,,,Pipeline,4140,,,,1,0.8740740740740741,0.9052044609665427,0.8847583643122676,0.9007421150278293,0.862453531598513,0.8970315398886828,0.1079543676276832,0.013393617773542327,0.00910295179072373,0.0033412828222594
3.1313023567199707,0.46471063296000165,0.8737623762376238,0.9009927052943517,gini,12,log2,40,1e-05,3,5,0.0,600,,,,Pipeline,2040,,,,1,0.8740740740740741,0.9052044609665427,0.8847583643122676,0.9007421150278293,0.862453531598513,0.8970315398886828,0.0868582050857194,0.043170370024854694,0.00910295179072373,0.0033412828222594
2.974928140640259,0.44589511553446454,0.8737623762376238,0.9009927052943517,gini,12,log2,40,1e-05,3,5,0.0,600,,,,Pipeline,480,,,,1,0.8740740740740741,0.9052044609665427,0.8847583643122676,0.9007421150278293,0.862453531598513,0.8970315398886828,0.24575003811349475,0.03400928523940872,0.00910295179072373,0.0033412828222594
2.8138758341471353,0.4593392213185628,0.8737623762376238,0.9009927052943517,gini,12,log2,40,1e-05,3,5,0.0,600,,,,Pipeline,2160,,,,1,0.8740740740740741,0.9052044609665427,0.8847583643122676,0.9007421150278293,0.862453531598513,0.8970315398886828,0.3137597693685602,0.07012496767897979,0.00910295179072373,0.0033412828222594
3.143976847330729,0.458041508992513,0.8737623762376238,0.9009927052943517,gini,12,log2,40,1e-05,3,5,0.0,600,,,,Pipeline,3400,,,,1,0.8740740740740741,0.9052044609665427,0.8847583643122676,0.9007421150278293,0.862453531598513,0.8970315398886828,0.3598954660879095,0.09695250346143008,0.00910295179072373,0.0033412828222594
2.2480599085489907,0.40445931752522785,0.8737623762376238,0.9009927052943517,gini,12,log2,40,1e-05,3,5,0.0,600,,,,Pipeline,2900,,,,1,0.8740740740740741,0.9052044609665427,0.8847583643122676,0.9007421150278293,0.862453531598513,0.8970315398886828,0.2959181742261299,0.050246256448863935,0.00910295179072373,0.0033412828222594
3.1557843685150146,0.5314880212148031,0.8737623762376238,0.9009927052943517,gini,12,log2,40,1e-05,3,5,0.0,600,,,,Pipeline,2440,,,,1,0.8740740740740741,0.9052044609665427,0.8847583643122676,0.9007421150278293,0.862453531598513,0.8970315398886828,0.5699334725100518,0.08565251445936786,0.00910295179072373,0.0033412828222594
3.535682439804077,0.5244614283243815,0.8737623762376238,0.9009927052943517,gini,12,log2,40,1e-05,3,5,0.0,600,,,,Pipeline,1820,,,,1,0.8740740740740741,0.9052044609665427,0.8847583643122676,0.9007421150278293,0.862453531598513,0.8970315398886828,0.16779944797629157,0.01729350261593407,0.00910295179072373,0.0033412828222594
3.7319045861562095,0.44673935572306317,0.8737623762376238,0.9009927052943517,gini,12,log2,40,1e-05,3,5,0.0,600,,,,Pipeline,3900,,,,1,0.8740740740740741,0.9052044609665427,0.8847583643122676,0.9007421150278293,0.862453531598513,0.8970315398886828,0.4760485704849434,0.04840962031361619,0.00910295179072373,0.0033412828222594
3.638799031575521,0.5258843898773193,0.8737623762376238,0.9009927052943517,gini,12,log2,40,1e-05,3,5,0.0,600,,,,Pipeline,520,,,,1,0.8740740740740741,0.9052044609665427,0.8847583643122676,0.9007421150278293,0.862453531598513,0.8970315398886828,0.05947747081151563,0.005375202158154744,0.00910295179072373,0.0033412828222594
4.296689987182617,0.4884430567423503,0.8737623762376238,0.9009927052943517,gini,12,log2,40,1e-05,3,5,0.0,600,,,,Pipeline,2400,,,,1,0.8740740740740741,0.9052044609665427,0.8847583643122676,0.9007421150278293,0.862453531598513,0.8970315398886828,0.3358784375983906,0.10466183356476441,0.00910295179072373,0.0033412828222594
3.870272954305013,0.45936957995096844,0.8737623762376238,0.9009927052943517,gini,12,log2,40,1e-05,3,5,0.0,600,,,,Pipeline,500,,,,1,0.8740740740740741,0.9052044609665427,0.8847583643122676,0.9007421150278293,0.862453531598513,0.8970315398886828,0.18079693444887682,0.08888766475495469,0.00910295179072373,0.0033412828222594
2.9668756326039634,0.3921486536661784,0.8737623762376238,0.9009927052943517,gini,12,log2,40,1e-05,3,5,0.0,600,,,,Pipeline,3300,,,,1,0.8740740740740741,0.9052044609665427,0.8847583643122676,0.9007421150278293,0.862453531598513,0.8970315398886828,0.4625912068184853,0.08017437379448297,0.00910295179072373,0.0033412828222594
2.2908764680226645,0.3521556854248047,0.8737623762376238,0.9009927052943517,gini,12,log2,40,1e-05,3,5,0.0,600,,,,Pipeline,2020,,,,1,0.8740740740740741,0.9052044609665427,0.8847583643122676,0.9007421150278293,0.862453531598513,0.8970315398886828,0.15513291325659861,0.01336306694142013,0.00910295179072373,0.0033412828222594
2.07364829381307,0.34369667371114093,0.8737623762376238,0.9009927052943517,gini,12,log2,40,1e-05,3,5,0.0,600,,,,Pipeline,2500,,,,1,0.8740740740740741,0.9052044609665427,0.8847583643122676,0.9007421150278293,0.862453531598513,0.8970315398886828,0.10184349842572105,0.011363761222590635,0.00910295179072373,0.0033412828222594
2.1534387270609536,0.3520882924397786,0.8737623762376238,0.9009927052943517,gini,12,log2,40,1e-05,3,5,0.0,600,,,,Pipeline,3460,,,,1,0.8740740740740741,0.9052044609665427,0.8847583643122676,0.9007421150278293,0.862453531598513,0.8970315398886828,0.09233591716882394,0.00922585641154434,0.00910295179072373,0.0033412828222594
2.1044854323069253,0.40157302220662433,0.8737623762376238,0.9009927052943517,gini,12,log2,40,1e-05,3,5,0.0,600,,,,Pipeline,2460,,,,1,0.8740740740740741,0.9052044609665427,0.8847583643122676,0.9007421150278293,0.862453531598513,0.8970315398886828,0.0800912884665629,0.06224767920985981,0.00910295179072373,0.0033412828222594
2.371234893798828,0.44063607851664227,0.8737623762376238,0.9009927052943517,gini,12,log2,40,1e-05,3,5,0.0,600,,,,Pipeline,2980,,,,1,0.8740740740740741,0.9052044609665427,0.8847583643122676,0.9007421150278293,0.862453531598513,0.8970315398886828,0.2530141561823045,0.009837783064391599,0.00910295179072373,0.0033412828222594
3.23259965578715,0.48338929812113446,0.8737623762376238,0.9009927052943517,gini,12,log2,40,1e-05,3,5,0.0,600,,,,Pipeline,1540,,,,1,0.8740740740740741,0.9052044609665427,0.8847583643122676,0.9007421150278293,0.862453531598513,0.8970315398886828,0.3074566448915924,0.017515772274903675,0.00910295179072373,0.0033412828222594
2.9730759461720786,0.5469030539194742,0.8737623762376238,0.9009927052943517,gini,12,log2,40,1e-05,3,5,0.0,600,,,,Pipeline,2740,,,,1,0.8740740740740741,0.9052044609665427,0.8847583643122676,0.9007421150278293,0.862453531598513,0.8970315398886828,0.39236372663506036,0.06884452580119178,0.00910295179072373,0.0033412828222594
3.28082275390625,0.4463512897491455,0.8737623762376238,0.9009927052943517,gini,12,log2,40,1e-05,3,5,0.0,600,,,,Pipeline,2120,,,,1,0.8740740740740741,0.9052044609665427,0.8847583643122676,0.9007421150278293,0.862453531598513,0.8970315398886828,0.2989997694294269,0.09970542985947319,0.00910295179072373,0.0033412828222594
3.3159403006235757,0.4705221652984619,0.8737623762376238,0.9009927052943517,gini,12,log2,40,1e-05,3,5,0.0,600,,,,Pipeline,3540,,,,1,0.8740740740740741,0.9052044609665427,0.8847583643122676,0.9007421150278293,0.862453531598513,0.8970315398886828,0.010207206496820534,0.01480984304687013,0.00910295179072373,0.0033412828222594
3.7502059936523438,0.4470966657002767,0.8737623762376238,0.9009927052943517,gini,12,log2,40,1e-05,3,5,0.0,600,,,,Pipeline,900,,,,1,0.8740740740740741,0.9052044609665427,0.8847583643122676,0.9007421150278293,0.862453531598513,0.8970315398886828,0.2659457047062666,0.04615145045044204,0.00910295179072373,0.0033412828222594
2.927653710047404,0.419350544611613,0.8737623762376238,0.9009927052943517,gini,12,log2,40,1e-05,3,5,0.0,600,,,,Pipeline,600,,,,1,0.8740740740740741,0.9052044609665427,0.8847583643122676,0.9007421150278293,0.862453531598513,0.8970315398886828,0.7105812126216317,0.048475460663807514,0.00910295179072373,0.0033412828222594
2.9346348444620767,0.4497181574503581,0.8737623762376238,0.9009927052943517,gini,12,log2,40,1e-05,3,5,0.0,600,,,,Pipeline,2680,,,,1,0.8740740740740741,0.9052044609665427,0.8847583643122676,0.9007421150278293,0.862453531598513,0.8970315398886828,0.0754741003499367,0.06960072294460971,0.00910295179072373,0.0033412828222594
2.507072607676188,0.4311489264170329,0.8737623762376238,0.9009927052943517,gini,12,log2,40,1e-05,3,5,0.0,600,,,,Pipeline,300,,,,1,0.8740740740740741,0.9052044609665427,0.8847583643122676,0.9007421150278293,0.862453531598513,0.8970315398886828,0.13499384324984237,0.040815324440921924,0.00910295179072373,0.0033412828222594
2.540007988611857,0.3854692776997884,0.8737623762376238,0.9009927052943517,gini,12,log2,40,1e-05,3,5,0.0,600,,,,Pipeline,3800,,,,1,0.8740740740740741,0.9052044609665427,0.8847583643122676,0.9007421150278293,0.862453531598513,0.8970315398886828,0.267025550091419,0.05577684334301185,0.00910295179072373,0.0033412828222594
2.420311609903971,0.4379258950551351,0.8737623762376238,0.9009927052943517,gini,12,log2,40,1e-05,3,5,0.0,600,,,,Pipeline,1120,,,,1,0.8740740740740741,0.9052044609665427,0.8847583643122676,0.9007421150278293,0.862453531598513,0.8970315398886828,0.2142598577105606,0.036612385700408555,0.00910295179072373,0.0033412828222594
2.86601185798645,0.464516560236613,0.8737623762376238,0.9009927052943517,gini,12,log2,40,1e-05,3,5,0.0,600,,,,Pipeline,3580,,,,1,0.8740740740740741,0.9052044609665427,0.8847583643122676,0.9007421150278293,0.862453531598513,0.8970315398886828,0.21412669941560544,0.016521051908054488,0.00910295179072373,0.0033412828222594
2.614201307296753,0.43950645128885907,0.8737623762376238,0.9009927052943517,gini,12,log2,40,1e-05,3,5,0.0,600,,,,Pipeline,3500,,,,1,0.8740740740740741,0.9052044609665427,0.8847583643122676,0.9007421150278293,0.862453531598513,0.8970315398886828,0.11689197878635056,0.059328076976628466,0.00910295179072373,0.0033412828222594
2.5936765670776367,0.371168851852417,0.8737623762376238,0.9009927052943517,gini,12,log2,40,1e-05,3,5,0.0,600,,,,Pipeline,3320,,,,1,0.8740740740740741,0.9052044609665427,0.8847583643122676,0.9007421150278293,0.862453531598513,0.8970315398886828,0.157191847954593,0.016417234025288448,0.00910295179072373,0.0033412828222594
2.602849086125692,0.406325101852417,0.8737623762376238,0.9009927052943517,gini,12,log2,40,1e-05,3,5,0.0,600,,,,Pipeline,580,,,,1,0.8740740740740741,0.9052044609665427,0.8847583643122676,0.9007421150278293,0.862453531598513,0.8970315398886828,0.2928825053433343,0.03840435044745116,0.00910295179072373,0.0033412828222594
2.678908427556356,0.42726882298787433,0.8737623762376238,0.9009927052943517,gini,12,log2,40,1e-05,3,5,0.0,600,,,,Pipeline,1600,,,,1,0.8740740740740741,0.9052044609665427,0.8847583643122676,0.9007421150278293,0.862453531598513,0.8970315398886828,0.23641147181998773,0.037227632131121395,0.00910295179072373,0.0033412828222594
2.7456085681915283,0.4756747881571452,0.8737623762376238,0.9009927052943517,gini,12,log2,40,1e-05,3,5,0.0,600,,,,Pipeline,1780,,,,1,0.8740740740740741,0.9052044609665427,0.8847583643122676,0.9007421150278293,0.862453531598513,0.8970315398886828,0.16665763601288644,0.021571773536827696,0.00910295179072373,0.0033412828222594
2.588658650716146,0.4204521179199219,0.8737623762376238,0.9009927052943517,gini,12,log2,40,1e-05,3,5,0.0,600,,,,Pipeline,2840,,,,1,0.8740740740740741,0.9052044609665427,0.8847583643122676,0.9007421150278293,0.862453531598513,0.8970315398886828,0.137329123080097,0.11466362574204526,0.00910295179072373,0.0033412828222594
2.7080962657928467,0.4037775198618571,0.8737623762376238,0.9009927052943517,gini,12,log2,40,1e-05,3,5,0.0,600,,,,Pipeline,1360,,,,1,0.8740740740740741,0.9052044609665427,0.8847583643122676,0.9007421150278293,0.862453531598513,0.8970315398886828,0.37131031245130597,0.03945902325358046,0.00910295179072373,0.0033412828222594
2.6681737899780273,0.42731555302937824,0.8737623762376238,0.9009927052943517,gini,12,log2,40,1e-05,3,5,0.0,600,,,,Pipeline,4040,,,,1,0.8740740740740741,0.9052044609665427,0.8847583643122676,0.9007421150278293,0.862453531598513,0.8970315398886828,0.017348603661582637,0.0779419239505196,0.00910295179072373,0.0033412828222594
2.5023574829101562,0.4043737252553304,0.8737623762376238,0.9009927052943517,gini,12,log2,40,1e-05,3,5,0.0,600,,,,Pipeline,1340,,,,1,0.8740740740740741,0.9052044609665427,0.8847583643122676,0.9007421150278293,0.862453531598513,0.8970315398886828,0.15315483587283552,0.07177954776767649,0.00910295179072373,0.0033412828222594
2.915867726008097,0.44523143768310547,0.8737623762376238,0.9009927052943517,gini,12,log2,40,1e-05,3,5,0.0,600,,,,Pipeline,960,,,,1,0.8740740740740741,0.9052044609665427,0.8847583643122676,0.9007421150278293,0.862453531598513,0.8970315398886828,0.37908212618946097,0.0580558419918746,0.00910295179072373,0.0033412828222594
2.68378480275472,0.41782450675964355,0.8737623762376238,0.9009927052943517,gini,12,log2,40,1e-05,3,5,0.0,600,,,,Pipeline,3480,,,,1,0.8740740740740741,0.9052044609665427,0.8847583643122676,0.9007421150278293,0.862453531598513,0.8970315398886828,0.2213976485210817,0.05263986360911812,0.00910295179072373,0.0033412828222594
2.532182534535726,0.4350830713907878,0.8737623762376238,0.9009927052943517,gini,12,log2,40,1e-05,3,5,0.0,600,,,,Pipeline,380,,,,1,0.8740740740740741,0.9052044609665427,0.8847583643122676,0.9007421150278293,0.862453531598513,0.8970315398886828,0.1373795364878452,0.05011771501099231,0.00910295179072373,0.0033412828222594
2.666311264038086,0.4532657464345296,0.8737623762376238,0.9009927052943517,gini,12,log2,40,1e-05,3,5,0.0,600,,,,Pipeline,1740,,,,1,0.8740740740740741,0.9052044609665427,0.8847583643122676,0.9007421150278293,0.862453531598513,0.8970315398886828,0.19164004704245916,0.02109461446027314,0.00910295179072373,0.0033412828222594
2.547055800755819,0.4027253786722819,0.8737623762376238,0.9009927052943517,gini,12,log2,40,1e-05,3,5,0.0,600,,,,Pipeline,2600,,,,1,0.8740740740740741,0.9052044609665427,0.8847583643122676,0.9007421150278293,0.862453531598513,0.8970315398886828,0.10511865053893996,0.06769891212830911,0.00910295179072373,0.0033412828222594
2.5581535498301187,0.4077114264170329,0.8737623762376238,0.9009927052943517,gini,12,log2,40,1e-05,3,5,0.0,600,,,,Pipeline,660,,,,1,0.8740740740740741,0.9052044609665427,0.8847583643122676,0.9007421150278293,0.862453531598513,0.8970315398886828,0.04413486487196891,0.09500317679393716,0.00910295179072373,0.0033412828222594
2.3795098463694253,0.4101012547810872,0.8737623762376238,0.9009927052943517,gini,12,log2,40,1e-05,3,5,0.0,600,,,,Pipeline,2700,,,,1,0.8740740740740741,0.9052044609665427,0.8847583643122676,0.9007421150278293,0.862453531598513,0.8970315398886828,0.038428128840792296,0.044113942255274,0.00910295179072373,0.0033412828222594
2.6554838021596274,0.4403660297393799,0.8737623762376238,0.9009927052943517,gini,12,log2,40,1e-05,3,5,0.0,600,,,,Pipeline,3160,,,,1,0.8740740740740741,0.9052044609665427,0.8847583643122676,0.9007421150278293,0.862453531598513,0.8970315398886828,0.15827212859515283,0.05489622994302053,0.00910295179072373,0.0033412828222594
2.9887543519337973,0.4322967529296875,0.8737623762376238,0.9009927052943517,gini,12,log2,40,1e-05,3,5,0.0,600,,,,Pipeline,3640,,,,1,0.8740740740740741,0.9052044609665427,0.8847583643122676,0.9007421150278293,0.862453531598513,0.8970315398886828,0.1972047280430488,0.03753600909070086,0.00910295179072373,0.0033412828222594
2.853743235270182,0.3876625696818034,0.8737623762376238,0.9009927052943517,gini,12,log2,40,1e-05,3,5,0.0,600,,,,Pipeline,2340,,,,1,0.8740740740740741,0.9052044609665427,0.8847583643122676,0.9007421150278293,0.862453531598513,0.8970315398886828,0.09508209796358849,0.05205271568941263,0.00910295179072373,0.0033412828222594
2.540702978769938,0.3968363602956136,0.8737623762376238,0.9009927052943517,gini,12,log2,40,1e-05,3,5,0.0,600,,,,Pipeline,4120,,,,1,0.8740740740740741,0.9052044609665427,0.8847583643122676,0.9007421150278293,0.862453531598513,0.8970315398886828,0.21887142934003917,0.05318959551103486,0.00910295179072373,0.0033412828222594
2.5337440172831216,0.36664430300394696,0.8737623762376238,0.9009927052943517,gini,12,log2,40,1e-05,3,5,0.0,600,,,,Pipeline,3720,,,,1,0.8740740740740741,0.9052044609665427,0.8847583643122676,0.9007421150278293,0.862453531598513,0.8970315398886828,0.19883948745517357,0.02170896088713018,0.00910295179072373,0.0033412828222594
2.5166800816853843,0.44184080759684247,0.8737623762376238,0.9009927052943517,gini,12,log2,40,1e-05,3,5,0.0,600,,,,Pipeline,1160,,,,1,0.8740740740740741,0.9052044609665427,0.8847583643122676,0.9007421150278293,0.862453531598513,0.8970315398886828,0.05730173117494965,0.06139717240446913,0.00910295179072373,0.0033412828222594
2.570701519648234,0.447068452835083,0.8737623762376238,0.9009927052943517,gini,12,log2,40,1e-05,3,5,0.0,600,,,,Pipeline,260,,,,1,0.8740740740740741,0.9052044609665427,0.8847583643122676,0.9007421150278293,0.862453531598513,0.8970315398886828,0.04141701207928794,0.06552266219712778,0.00910295179072373,0.0033412828222594
2.6034019788106284,0.40217288335164386,0.8737623762376238,0.9009927052943517,gini,12,log2,40,1e-05,3,5,0.0,600,,,,Pipeline,140,,,,1,0.8740740740740741,0.9052044609665427,0.8847583643122676,0.9007421150278293,0.862453531598513,0.8970315398886828,0.17787457208414795,0.05204270400381517,0.00910295179072373,0.0033412828222594
2.622248888015747,0.43110211690266925,0.8737623762376238,0.9009927052943517,gini,12,log2,40,1e-05,3,5,0.0,600,,,,Pipeline,3520,,,,1,0.8740740740740741,0.9052044609665427,0.8847583643122676,0.9007421150278293,0.862453531598513,0.8970315398886828,0.09372202138348892,0.0596811259824094,0.00910295179072373,0.0033412828222594
2.5853617986043296,0.38416870435078937,0.8737623762376238,0.9009927052943517,gini,12,log2,40,1e-05,3,5,0.0,600,,,,Pipeline,840,,,,1,0.8740740740740741,0.9052044609665427,0.8847583643122676,0.9007421150278293,0.862453531598513,0.8970315398886828,0.036899366571159026,0.039753559101287035,0.00910295179072373,0.0033412828222594
2.4777540365854898,0.44957391421000165,0.8737623762376238,0.9009927052943517,gini,12,log2,40,1e-05,3,5,0.0,600,,,,Pipeline,400,,,,1,0.8740740740740741,0.9052044609665427,0.8847583643122676,0.9007421150278293,0.862453531598513,0.8970315398886828,0.07011223121315947,0.06506800669949282,0.00910295179072373,0.0033412828222594
2.599150816599528,0.42983190218607586,0.8737623762376238,0.9009927052943517,gini,12,log2,40,1e-05,3,5,0.0,600,,,,Pipeline,1020,,,,1,0.8740740740740741,0.9052044609665427,0.8847583643122676,0.9007421150278293,0.862453531598513,0.8970315398886828,0.128519107545459,0.055094127141240616,0.00910295179072373,0.0033412828222594
2.7104690074920654,0.4132094383239746,0.8737623762376238,0.9009927052943517,gini,12,log2,40,1e-05,3,5,0.0,600,,,,Pipeline,1140,,,,1,0.8740740740740741,0.9052044609665427,0.8847583643122676,0.9007421150278293,0.862453531598513,0.8970315398886828,0.13110435302714646,0.05393298651666508,0.00910295179072373,0.0033412828222594
2.5117154121398926,0.40168341000874835,0.8737623762376238,0.9009927052943517,gini,12,log2,40,1e-05,3,5,0.0,600,,,,Pipeline,3200,,,,1,0.8740740740740741,0.9052044609665427,0.8847583643122676,0.9007421150278293,0.862453531598513,0.8970315398886828,0.19081972755313664,0.05767243844381666,0.00910295179072373,0.0033412828222594
2.5020411809285483,0.422043244043986,0.8737623762376238,0.9009927052943517,gini,12,log2,40,1e-05,3,5,0.0,600,,,,Pipeline,1700,,,,1,0.8740740740740741,0.9052044609665427,0.8847583643122676,0.9007421150278293,0.862453531598513,0.8970315398886828,0.173155827798094,0.034305185424434614,0.00910295179072373,0.0033412828222594
2.5371100107828775,0.41496483484903973,0.8737623762376238,0.9009927052943517,gini,12,log2,40,1e-05,3,5,0.0,600,,,,Pipeline,760,,,,1,0.8740740740740741,0.9052044609665427,0.8847583643122676,0.9007421150278293,0.862453531598513,0.8970315398886828,0.2574222905211977,0.06242794479708148,0.00910295179072373,0.0033412828222594
2.57295290629069,0.47839975357055664,0.8737623762376238,0.9009927052943517,gini,12,log2,40,1e-05,3,5,0.0,600,,,,Pipeline,740,,,,1,0.8740740740740741,0.9052044609665427,0.8847583643122676,0.9007421150278293,0.862453531598513,0.8970315398886828,0.05146844920701382,0.02658881305431533,0.00910295179072373,0.0033412828222594
2.54642383257548,0.46962960561116535,0.8737623762376238,0.9009927052943517,gini,12,log2,40,1e-05,3,5,0.0,600,,,,Pipeline,3380,,,,1,0.8740740740740741,0.9052044609665427,0.8847583643122676,0.9007421150278293,0.862453531598513,0.8970315398886828,0.15179279563270406,0.017836250555466702,0.00910295179072373,0.0033412828222594
2.7096269925435386,0.4741384983062744,0.8737623762376238,0.9009927052943517,gini,12,log2,40,1e-05,3,5,0.0,600,,,,Pipeline,3680,,,,1,0.8740740740740741,0.9052044609665427,0.8847583643122676,0.9007421150278293,0.862453531598513,0.8970315398886828,0.21278520116358499,0.04936996849822605,0.00910295179072373,0.0033412828222594
2.746832291285197,0.41584936777750653,0.8737623762376238,0.9009927052943517,gini,12,log2,40,1e-05,3,5,0.0,600,,,,Pipeline,1640,,,,1,0.8740740740740741,0.9052044609665427,0.8847583643122676,0.9007421150278293,0.862453531598513,0.8970315398886828,0.3225428640695788,0.07237841508345108,0.00910295179072373,0.0033412828222594
2.869258721669515,0.47863539059956867,0.8737623762376238,0.9009927052943517,gini,12,log2,40,1e-05,3,5,0.0,600,,,,Pipeline,160,,,,1,0.8740740740740741,0.9052044609665427,0.8847583643122676,0.9007421150278293,0.862453531598513,0.8970315398886828,0.17522765820938566,0.062427168618365614,0.00910295179072373,0.0033412828222594
2.8224310080210366,0.46678630510965985,0.8737623762376238,0.9009927052943517,gini,12,log2,40,1e-05,3,5,0.0,600,,,,Pipeline,3020,,,,1,0.8740740740740741,0.9052044609665427,0.8847583643122676,0.9007421150278293,0.862453531598513,0.8970315398886828,0.1203684455058313,0.0831756137046929,0.00910295179072373,0.0033412828222594
2.868007262547811,0.42929697036743164,0.8737623762376238,0.9009927052943517,gini,12,log2,40,1e-05,3,5,0.0,600,,,,Pipeline,1760,,,,1,0.8740740740740741,0.9052044609665427,0.8847583643122676,0.9007421150278293,0.862453531598513,0.8970315398886828,0.1960677015886104,0.037089973647340575,0.00910295179072373,0.0033412828222594
2.815805673599243,0.45113372802734375,0.8737623762376238,0.9009927052943517,gini,12,log2,40,1e-05,3,5,0.0,600,,,,Pipeline,2220,,,,1,0.8740740740740741,0.9052044609665427,0.8847583643122676,0.9007421150278293,0.862453531598513,0.8970315398886828,0.11268376048818536,0.06258312555587138,0.00910295179072373,0.0033412828222594
2.669915278752645,0.4689226945241292,0.8737623762376238,0.9009927052943517,gini,12,log2,40,1e-05,3,5,0.0,600,,,,Pipeline,4000,,,,1,0.8740740740740741,0.9052044609665427,0.8847583643122676,0.9007421150278293,0.862453531598513,0.8970315398886828,0.24204415385680939,0.018418902970439716,0.00910295179072373,0.0033412828222594
2.7038102944691977,0.4560028711954753,0.8737623762376238,0.9009927052943517,gini,12,log2,40,1e-05,3,5,0.0,600,,,,Pipeline,1860,,,,1,0.8740740740740741,0.9052044609665427,0.8847583643122676,0.9007421150278293,0.862453531598513,0.8970315398886828,0.2122850315582776,0.034840016514238924,0.00910295179072373,0.0033412828222594
2.5586299896240234,0.43284130096435547,0.8737623762376238,0.9009927052943517,gini,12,log2,40,1e-05,3,5,0.0,600,,,,Pipeline,3560,,,,1,0.8740740740740741,0.9052044609665427,0.8847583643122676,0.9007421150278293,0.862453531598513,0.8970315398886828,0.17215919617532682,0.04577050781789422,0.00910295179072373,0.0033412828222594
2.566085418065389,0.5100521246592203,0.8737623762376238,0.9009927052943517,gini,12,log2,40,1e-05,3,5,0.0,600,,,,Pipeline,2580,,,,1,0.8740740740740741,0.9052044609665427,0.8847583643122676,0.9007421150278293,0.862453531598513,0.8970315398886828,0.14518775885892451,0.09398201573335983,0.00910295179072373,0.0033412828222594
2.360734701156616,0.48528091112772626,0.8737623762376238,0.9009927052943517,gini,12,log2,40,1e-05,3,5,0.0,600,,,,Pipeline,100,,,,1,0.8740740740740741,0.9052044609665427,0.8847583643122676,0.9007421150278293,0.862453531598513,0.8970315398886828,0.08665056920306612,0.016570167861886382,0.00910295179072373,0.0033412828222594
2.6035943826039634,0.4537649154663086,0.8737623762376238,0.9009927052943517,gini,12,log2,40,1e-05,3,5,0.0,600,,,,Pipeline,2800,,,,1,0.8740740740740741,0.9052044609665427,0.8847583643122676,0.9007421150278293,0.862453531598513,0.8970315398886828,0.18180002767112902,0.12574078116708295,0.00910295179072373,0.0033412828222594
2.5804015000661216,0.4569973945617676,0.8737623762376238,0.9009927052943517,gini,12,log2,40,1e-05,3,5,0.0,600,,,,Pipeline,1100,,,,1,0.8740740740740741,0.9052044609665427,0.8847583643122676,0.9007421150278293,0.862453531598513,0.8970315398886828,0.2477415262223155,0.06620963442765497,0.00910295179072373,0.0033412828222594
2.4886715412139893,0.4867130120595296,0.8737623762376238,0.9009927052943517,gini,12,log2,40,1e-05,3,5,0.0,600,,,,Pipeline,2080,,,,1,0.8740740740740741,0.9052044609665427,0.8847583643122676,0.9007421150278293,0.862453531598513,0.8970315398886828,0.10627129409699619,0.046741329296953,0.00910295179072373,0.0033412828222594
2.6899801890055337,0.4632421334584554,0.8737623762376238,0.9009927052943517,gini,12,log2,40,1e-05,3,5,0.0,600,,,,Pipeline,3960,,,,1,0.8740740740740741,0.9052044609665427,0.8847583643122676,0.9007421150278293,0.862453531598513,0.8970315398886828,0.1191265271370769,0.09185270881423166,0.00910295179072373,0.0033412828222594
2.4111963907877603,0.411587397257487,0.8737623762376238,0.9009927052943517,gini,12,log2,40,1e-05,3,5,0.0,600,,,,Pipeline,2540,,,,1,0.8740740740740741,0.9052044609665427,0.8847583643122676,0.9007421150278293,0.862453531598513,0.8970315398886828,0.14669544774386467,0.07138283067434105,0.00910295179072373,0.0033412828222594
2.825507164001465,0.5105865796407064,0.8737623762376238,0.9009927052943517,gini,12,log2,40,1e-05,3,5,0.0,600,,,,Pipeline,1000,,,,1,0.8740740740740741,0.9052044609665427,0.8847583643122676,0.9007421150278293,0.862453531598513,0.8970315398886828,0.15772809632948162,0.06670965242103521,0.00910295179072373,0.0033412828222594
2.8032217025756836,0.42396704355875653,0.8737623762376238,0.9009927052943517,gini,12,log2,40,1e-05,3,5,0.0,600,,,,Pipeline,1720,,,,1,0.8740740740740741,0.9052044609665427,0.8847583643122676,0.9007421150278293,0.862453531598513,0.8970315398886828,0.055542031397531125,0.04812849439240991,0.00910295179072373,0.0033412828222594
2.7158095041910806,0.3876849015553792,0.8737623762376238,0.9009927052943517,gini,12,log2,40,1e-05,3,5,0.0,600,,,,Pipeline,1800,,,,1,0.8740740740740741,0.9052044609665427,0.8847583643122676,0.9007421150278293,0.862453531598513,0.8970315398886828,0.12442476024296079,0.03813970447745668,0.00910295179072373,0.0033412828222594
2.551239093144735,0.41242631276448566,0.8737623762376238,0.9009927052943517,gini,12,log2,40,1e-05,3,5,0.0,600,,,,Pipeline,3700,,,,1,0.8740740740740741,0.9052044609665427,0.8847583643122676,0.9007421150278293,0.862453531598513,0.8970315398886828,0.18572323047696465,0.05105605488921966,0.00910295179072373,0.0033412828222594
2.6512749195098877,0.43383010228474933,0.8737623762376238,0.9009927052943517,gini,12,log2,40,1e-05,3,5,0.0,600,,,,Pipeline,3740,,,,1,0.8740740740740741,0.9052044609665427,0.8847583643122676,0.9007421150278293,0.862453531598513,0.8970315398886828,0.09440920806430292,0.03188401063702346,0.00910295179072373,0.0033412828222594
2.536444664001465,0.4978674252827962,0.8737623762376238,0.9009927052943517,gini,12,log2,40,1e-05,3,5,0.0,600,,,,Pipeline,2960,,,,1,0.8740740740740741,0.9052044609665427,0.8847583643122676,0.9007421150278293,0.862453531598513,0.8970315398886828,0.10227584038999397,0.04794447842634291,0.00910295179072373,0.0033412828222594
2.496422052383423,0.4008785088857015,0.8737623762376238,0.9009927052943517,gini,12,log2,40,1e-05,3,5,0.0,600,,,,Pipeline,1560,,,,1,0.8740740740740741,0.9052044609665427,0.8847583643122676,0.9007421150278293,0.862453531598513,0.8970315398886828,0.14422873057706664,0.043892628246909905,0.00910295179072373,0.0033412828222594
2.490672985712687,0.3989369074503581,0.8737623762376238,0.9009927052943517,gini,12,log2,40,1e-05,3,5,0.0,600,,,,Pipeline,560,,,,1,0.8740740740740741,0.9052044609665427,0.8847583643122676,0.9007421150278293,0.862453531598513,0.8970315398886828,0.2523806377517456,0.053850120660149034,0.00910295179072373,0.0033412828222594
2.5789249738057456,0.4273362159729004,0.8737623762376238,0.9009927052943517,gini,12,log2,40,1e-05,3,5,0.0,600,,,,Pipeline,1440,,,,1,0.8740740740740741,0.9052044609665427,0.8847583643122676,0.9007421150278293,0.862453531598513,0.8970315398886828,0.1979288409941097,0.12175185179136364,0.00910295179072373,0.0033412828222594
2.485259453455607,0.4731939633687337,0.8737623762376238,0.9009927052943517,gini,12,log2,40,1e-05,3,5,0.0,600,,,,Pipeline,2180,,,,1,0.8740740740740741,0.9052044609665427,0.8847583643122676,0.9007421150278293,0.862453531598513,0.8970315398886828,0.04330423156614208,0.0262075926800228,0.00910295179072373,0.0033412828222594
2.6103343963623047,0.47789859771728516,0.8737623762376238,0.9009927052943517,gini,12,log2,40,1e-05,3,5,0.0,600,,,,Pipeline,1260,,,,1,0.8740740740740741,0.9052044609665427,0.8847583643122676,0.9007421150278293,0.862453531598513,0.8970315398886828,0.03125950887261279,0.00738151339098153,0.00910295179072373,0.0033412828222594
2.5091729164123535,0.4476143519083659,0.8737623762376238,0.9009927052943517,gini,12,log2,40,1e-05,3,5,0.0,600,,,,Pipeline,4160,,,,1,0.8740740740740741,0.9052044609665427,0.8847583643122676,0.9007421150278293,0.862453531598513,0.8970315398886828,0.12618406743944166,0.07197240252095652,0.00910295179072373,0.0033412828222594
2.4217535654703775,0.43525346120198566,0.8737623762376238,0.9009927052943517,gini,12,log2,40,1e-05,3,5,0.0,600,,,,Pipeline,3120,,,,1,0.8740740740740741,0.9052044609665427,0.8847583643122676,0.9007421150278293,0.862453531598513,0.8970315398886828,0.19228198929158857,0.05250494690560142,0.00910295179072373,0.0033412828222594
2.4489405949910483,0.4424622853597005,0.8737623762376238,0.9009927052943517,gini,12,log2,40,1e-05,3,5,0.0,600,,,,Pipeline,3920,,,,1,0.8740740740740741,0.9052044609665427,0.8847583643122676,0.9007421150278293,0.862453531598513,0.8970315398886828,0.08467930157968738,0.05312122925012118,0.00910295179072373,0.0033412828222594
2.427921930948893,0.4025407632191976,0.8737623762376238,0.9009927052943517,gini,12,log2,40,1e-05,3,5,0.0,600,,,,Pipeline,3240,,,,1,0.8740740740740741,0.9052044609665427,0.8847583643122676,0.9007421150278293,0.862453531598513,0.8970315398886828,0.042006227529212396,0.06249024215556935,0.00910295179072373,0.0033412828222594
2.5780131816864014,0.50069260597229,0.8737623762376238,0.9009927052943517,gini,12,log2,40,1e-05,3,5,0.0,600,,,,Pipeline,1200,,,,1,0.8740740740740741,0.9052044609665427,0.8847583643122676,0.9007421150278293,0.862453531598513,0.8970315398886828,0.026710554697721083,0.05157670006272839,0.00910295179072373,0.0033412828222594
2.578573783238729,0.3561561107635498,0.8737623762376238,0.9009927052943517,gini,12,log2,40,1e-05,3,5,0.0,600,,,,Pipeline,2260,,,,1,0.8740740740740741,0.9052044609665427,0.8847583643122676,0.9007421150278293,0.862453531598513,0.8970315398886828,0.05781450917620022,0.024176295881898038,0.00910295179072373,0.0033412828222594
2.6178483168284097,0.46143611272176105,0.8737623762376238,0.9009927052943517,gini,12,log2,40,1e-05,3,5,0.0,600,,,,Pipeline,3140,,,,1,0.8740740740740741,0.9052044609665427,0.8847583643122676,0.9007421150278293,0.862453531598513,0.8970315398886828,0.2224171302427773,0.010156382036305246,0.00910295179072373,0.0033412828222594
2.4905553658803306,0.38201745351155597,0.8737623762376238,0.9009927052943517,gini,12,log2,40,1e-05,3,5,0.0,600,,,,Pipeline,2420,,,,1,0.8740740740740741,0.9052044609665427,0.8847583643122676,0.9007421150278293,0.862453531598513,0.8970315398886828,0.1342526837219869,0.05206726659275796,0.00910295179072373,0.0033412828222594
2.480417013168335,0.4641267458597819,0.8737623762376238,0.9009927052943517,gini,12,log2,40,1e-05,3,5,0.0,600,,,,Pipeline,920,,,,1,0.8740740740740741,0.9052044609665427,0.8847583643122676,0.9007421150278293,0.862453531598513,0.8970315398886828,0.16685142326397842,0.017865853404747372,0.00910295179072373,0.0033412828222594
2.6892521381378174,0.39087597529093426,0.8737623762376238,0.9009927052943517,gini,12,log2,40,1e-05,3,5,0.0,600,,,,Pipeline,3060,,,,1,0.8740740740740741,0.9052044609665427,0.8847583643122676,0.9007421150278293,0.862453531598513,0.8970315398886828,0.11384573299471476,0.03892576469210396,0.00910295179072373,0.0033412828222594
2.516817649205526,0.4705971876780192,0.8737623762376238,0.9009927052943517,gini,12,log2,40,1e-05,3,5,0.0,600,,,,Pipeline,2940,,,,1,0.8740740740740741,0.9052044609665427,0.8847583643122676,0.9007421150278293,0.862453531598513,0.8970315398886828,0.03390378019528024,0.00853526125391188,0.00910295179072373,0.0033412828222594
2.4599244594573975,0.412675142288208,0.8737623762376238,0.9009927052943517,gini,12,log2,40,1e-05,3,5,0.0,600,,,,Pipeline,180,,,,1,0.8740740740740741,0.9052044609665427,0.8847583643122676,0.9007421150278293,0.862453531598513,0.8970315398886828,0.27637026915661295,0.05179714185755838,0.00910295179072373,0.0033412828222594
2.6423853238423667,0.43390631675720215,0.8737623762376238,0.9009927052943517,gini,12,log2,40,1e-05,3,5,0.0,600,,,,Pipeline,3000,,,,1,0.8740740740740741,0.9052044609665427,0.8847583643122676,0.9007421150278293,0.862453531598513,0.8970315398886828,0.23867851458857853,0.04279658344604046,0.00910295179072373,0.0033412828222594
2.561201810836792,0.4838998317718506,0.8737623762376238,0.9009927052943517,gini,12,log2,40,1e-05,3,5,0.0,600,,,,Pipeline,3780,,,,1,0.8740740740740741,0.9052044609665427,0.8847583643122676,0.9007421150278293,0.862453531598513,0.8970315398886828,0.06389025568757138,0.026529009339265726,0.00910295179072373,0.0033412828222594
2.545422395070394,0.43924935658772785,0.8737623762376238,0.9009927052943517,gini,12,log2,40,1e-05,3,5,0.0,600,,,,Pipeline,3860,,,,1,0.8740740740740741,0.9052044609665427,0.8847583643122676,0.9007421150278293,0.862453531598513,0.8970315398886828,0.1829902061130333,0.03989220208439856,0.00910295179072373,0.0033412828222594
2.4843931992848716,0.4385825792948405,0.8737623762376238,0.9009927052943517,gini,12,log2,40,1e-05,3,5,0.0,600,,,,Pipeline,3940,,,,1,0.8740740740740741,0.9052044609665427,0.8847583643122676,0.9007421150278293,0.862453531598513,0.8970315398886828,0.07162284022751284,0.06652602629196759,0.00910295179072373,0.0033412828222594
2.5136300722757974,0.41684707005818683,0.8737623762376238,0.9009927052943517,gini,12,log2,40,1e-05,3,5,0.0,600,,,,Pipeline,1420,,,,1,0.8740740740740741,0.9052044609665427,0.8847583643122676,0.9007421150278293,0.862453531598513,0.8970315398886828,0.20954601918363894,0.04457721530495434,0.00910295179072373,0.0033412828222594
2.5200504461924234,0.4297019640604655,0.8737623762376238,0.9009927052943517,gini,12,log2,40,1e-05,3,5,0.0,600,,,,Pipeline,640,,,,1,0.8740740740740741,0.9052044609665427,0.8847583643122676,0.9007421150278293,0.862453531598513,0.8970315398886828,0.12031516133877658,0.06149132549123319,0.00910295179072373,0.0033412828222594
2.4964893658955893,0.4496857325236003,0.8737623762376238,0.9009927052943517,gini,12,log2,40,1e-05,3,5,0.0,600,,,,Pipeline,1300,,,,1,0.8740740740740741,0.9052044609665427,0.8847583643122676,0.9007421150278293,0.862453531598513,0.8970315398886828,0.13818059896840526,0.04214314753650817,0.00910295179072373,0.0033412828222594
2.505220333735148,0.3880600929260254,0.8737623762376238,0.9009927052943517,gini,12,log2,40,1e-05,3,5,0.0,600,,,,Pipeline,3080,,,,1,0.8740740740740741,0.9052044609665427,0.8847583643122676,0.9007421150278293,0.862453531598513,0.8970315398886828,0.011201054105196789,0.05587564978648816,0.00910295179072373,0.0033412828222594
2.5314457416534424,0.4886758327484131,0.8737623762376238,0.9009927052943517,gini,12,log2,40,1e-05,3,5,0.0,600,,,,Pipeline,2140,,,,1,0.8740740740740741,0.9052044609665427,0.8847583643122676,0.9007421150278293,0.862453531598513,0.8970315398886828,0.18501279471379237,0.007938164940695543,0.00910295179072373,0.0033412828222594
2.4915643533070884,0.41217708587646484,0.8737623762376238,0.9009927052943517,gini,12,log2,40,1e-05,3,5,0.0,600,,,,Pipeline,2100,,,,1,0.8740740740740741,0.9052044609665427,0.8847583643122676,0.9007421150278293,0.862453531598513,0.8970315398886828,0.025950796347045196,0.037929064252998114,0.00910295179072373,0.0033412828222594
2.5626326402028403,0.4598100980122884,0.8737623762376238,0.9009927052943517,gini,12,log2,40,1e-05,3,5,0.0,600,,,,Pipeline,1080,,,,1,0.8740740740740741,0.9052044609665427,0.8847583643122676,0.9007421150278293,0.862453531598513,0.8970315398886828,0.23807966223797375,0.06457496164762505,0.00910295179072373,0.0033412828222594
2.481316407521566,0.4459439118703206,0.8737623762376238,0.9009927052943517,gini,12,log2,40,1e-05,3,5,0.0,600,,,,Pipeline,3100,,,,1,0.8740740740740741,0.9052044609665427,0.8847583643122676,0.9007421150278293,0.862453531598513,0.8970315398886828,0.10928949569608273,0.06455268720612048,0.00910295179072373,0.0033412828222594
2.5190910498301187,0.5086530844370524,0.8737623762376238,0.9009927052943517,gini,12,log2,40,1e-05,3,5,0.0,600,,,,Pipeline,280,,,,1,0.8740740740740741,0.9052044609665427,0.8847583643122676,0.9007421150278293,0.862453531598513,0.8970315398886828,0.16679373365392827,0.04346906252000946,0.00910295179072373,0.0033412828222594
2.4946862061818442,0.43508052825927734,0.8737623762376238,0.9009927052943517,gini,12,log2,40,1e-05,3,5,0.0,600,,,,Pipeline,2820,,,,1,0.8740740740740741,0.9052044609665427,0.8847583643122676,0.9007421150278293,0.862453531598513,0.8970315398886828,0.08893007354128013,0.05628070825816557,0.00910295179072373,0.0033412828222594
2.497142950693766,0.48030416170756024,0.8737623762376238,0.9009927052943517,gini,12,log2,40,1e-05,3,5,0.0,600,,,,Pipeline,4180,,,,1,0.8740740740740741,0.9052044609665427,0.8847583643122676,0.9007421150278293,0.862453531598513,0.8970315398886828,0.09680558054907071,0.02493304717650622,0.00910295179072373,0.0033412828222594
2.475661516189575,0.4677294095357259,0.8737623762376238,0.9009927052943517,gini,12,log2,40,1e-05,3,5,0.0,600,,,,Pipeline,2920,,,,1,0.8740740740740741,0.9052044609665427,0.8847583643122676,0.9007421150278293,0.862453531598513,0.8970315398886828,0.04290961611587206,0.0035324274352433356,0.00910295179072373,0.0033412828222594
2.468404531478882,0.4603964487711589,0.8737623762376238,0.9009927052943517,gini,12,log2,40,1e-05,3,5,0.0,600,,,,Pipeline,820,,,,1,0.8740740740740741,0.9052044609665427,0.8847583643122676,0.9007421150278293,0.862453531598513,0.8970315398886828,0.06005157755471543,0.07454150202767983,0.00910295179072373,0.0033412828222594
2.447467883427938,0.42562071482340497,0.8737623762376238,0.9009927052943517,gini,12,log2,40,1e-05,3,5,0.0,600,,,,Pipeline,1940,,,,1,0.8740740740740741,0.9052044609665427,0.8847583643122676,0.9007421150278293,0.862453531598513,0.8970315398886828,0.15906290225551906,0.06029302319038289,0.00910295179072373,0.0033412828222594
2.691106637318929,0.48207298914591473,0.8737623762376238,0.9009927052943517,gini,12,log2,40,1e-05,3,5,0.0,600,,,,Pipeline,2060,,,,1,0.8740740740740741,0.9052044609665427,0.8847583643122676,0.9007421150278293,0.862453531598513,0.8970315398886828,0.29043339098670534,0.003047293389754271,0.00910295179072373,0.0033412828222594
2.6103080908457437,0.44124436378479004,0.8737623762376238,0.9009927052943517,gini,12,log2,40,1e-05,3,5,0.0,600,,,,Pipeline,3360,,,,1,0.8740740740740741,0.9052044609665427,0.8847583643122676,0.9007421150278293,0.862453531598513,0.8970315398886828,0.020647321863636856,0.056012303759143796,0.00910295179072373,0.0033412828222594
2.6159889698028564,0.41342870394388836,0.8737623762376238,0.9009927052943517,gini,12,log2,40,1e-05,3,5,0.0,600,,,,Pipeline,320,,,,1,0.8740740740740741,0.9052044609665427,0.8847583643122676,0.9007421150278293,0.862453531598513,0.8970315398886828,0.15758943843358109,0.039928436848908046,0.00910295179072373,0.0033412828222594
2.5455174446105957,0.3997793197631836,0.8737623762376238,0.9009927052943517,gini,12,log2,40,1e-05,3,5,0.0,600,,,,Pipeline,440,,,,1,0.8740740740740741,0.9052044609665427,0.8847583643122676,0.9007421150278293,0.862453531598513,0.8970315398886828,0.14062304865722486,0.05416526333796194,0.00910295179072373,0.0033412828222594
2.6553522745768228,0.46539704004923504,0.8737623762376238,0.9009927052943517,gini,12,log2,40,1e-05,3,5,0.0,600,,,,Pipeline,2240,,,,1,0.8740740740740741,0.9052044609665427,0.8847583643122676,0.9007421150278293,0.862453531598513,0.8970315398886828,0.198541583903513,0.010925643331771977,0.00910295179072373,0.0033412828222594
2.5217862923940024,0.44193585713704425,0.8737623762376238,0.9009927052943517,gini,12,log2,40,1e-05,3,5,0.0,600,,,,Pipeline,2300,,,,1,0.8740740740740741,0.9052044609665427,0.8847583643122676,0.9007421150278293,0.862453531598513,0.8970315398886828,0.11730966308781608,0.07141186272483328,0.00910295179072373,0.0033412828222594
2.498795827229818,0.44851088523864746,0.8737623762376238,0.9009927052943517,gini,12,log2,40,1e-05,3,5,0.0,600,,,,Pipeline,2640,,,,1,0.8740740740740741,0.9052044609665427,0.8847583643122676,0.9007421150278293,0.862453531598513,0.8970315398886828,0.170207575792367,0.06589167814366277,0.00910295179072373,0.0033412828222594
2.5679941972096763,0.46524914105733234,0.8737623762376238,0.9009927052943517,gini,12,log2,40,1e-05,3,5,0.0,600,,,,Pipeline,200,,,,1,0.8740740740740741,0.9052044609665427,0.8847583643122676,0.9007421150278293,0.862453531598513,0.8970315398886828,0.09719279672229272,0.01940686675390436,0.00910295179072373,0.0033412828222594
2.4948328336079917,0.4341518084208171,0.8737623762376238,0.9009927052943517,gini,12,log2,40,1e-05,3,5,0.0,600,,,,Pipeline,860,,,,1,0.8740740740740741,0.9052044609665427,0.8847583643122676,0.9007421150278293,0.862453531598513,0.8970315398886828,0.12184159237441901,0.055796734771058336,0.00910295179072373,0.0033412828222594
2.587776263554891,0.44315330187479657,0.8737623762376238,0.9009927052943517,gini,12,log2,40,1e-05,3,5,0.0,600,,,,Pipeline,3660,,,,1,0.8740740740740741,0.9052044609665427,0.8847583643122676,0.9007421150278293,0.862453531598513,0.8970315398886828,0.07452353590346344,0.0684394907794356,0.00910295179072373,0.0033412828222594
2.730046590169271,0.4335889021555583,0.8737623762376238,0.9009927052943517,gini,12,log2,40,1e-05,3,5,0.0,600,,,,Pipeline,1280,,,,1,0.8740740740740741,0.9052044609665427,0.8847583643122676,0.9007421150278293,0.862453531598513,0.8970315398886828,0.10065447064332894,0.06616376313731524,0.00910295179072373,0.0033412828222594
2.5361464818318686,0.39893293380737305,0.8737623762376238,0.9009927052943517,gini,12,log2,40,1e-05,3,5,0.0,600,,,,Pipeline,2000,,,,1,0.8740740740740741,0.9052044609665427,0.8847583643122676,0.9007421150278293,0.862453531598513,0.8970315398886828,0.09788499020421448,0.051469768842285726,0.00910295179072373,0.0033412828222594
2.6076272328694663,0.4181552728017171,0.8737623762376238,0.9009927052943517,gini,12,log2,40,1e-05,3,5,0.0,600,,,,Pipeline,1900,,,,1,0.8740740740740741,0.9052044609665427,0.8847583643122676,0.9007421150278293,0.862453531598513,0.8970315398886828,0.030483156384289507,0.05518101631417135,0.00910295179072373,0.0033412828222594
2.6328657468159995,0.48070327440897626,0.8737623762376238,0.9009927052943517,gini,12,log2,40,1e-05,3,5,0.0,600,,,,Pipeline,1920,,,,1,0.8740740740740741,0.9052044609665427,0.8847583643122676,0.9007421150278293,0.862453531598513,0.8970315398886828,0.1960639264185806,0.02083205645701692,0.00910295179072373,0.0033412828222594
2.4416420459747314,0.5085612138112386,0.8737623762376238,0.9009927052943517,gini,12,log2,40,1e-05,3,5,0.0,600,,,,Pipeline,2280,,,,1,0.8740740740740741,0.9052044609665427,0.8847583643122676,0.9007421150278293,0.862453531598513,0.8970315398886828,0.038097874218185925,0.07083079241510598,0.00910295179072373,0.0033412828222594
2.3323974609375,0.4464578628540039,0.8737623762376238,0.9009927052943517,gini,12,log2,40,1e-05,3,5,0.0,600,,,,Pipeline,2880,,,,1,0.8740740740740741,0.9052044609665427,0.8847583643122676,0.9007421150278293,0.862453531598513,0.8970315398886828,0.018153968172419137,0.06958967899506491,0.00910295179072373,0.0033412828222594
2.545245885848999,0.39074309666951496,0.8737623762376238,0.9009927052943517,gini,12,log2,40,1e-05,3,5,0.0,600,,,,Pipeline,1060,,,,1,0.8740740740740741,0.9052044609665427,0.8847583643122676,0.9007421150278293,0.862453531598513,0.8970315398886828,0.14927271668915368,0.03908266007850648,0.00910295179072373,0.0033412828222594
2.617860714594523,0.4825414816538493,0.8737623762376238,0.9009927052943517,gini,12,log2,40,1e-05,3,5,0.0,600,,,,Pipeline,220,,,,1,0.8740740740740741,0.9052044609665427,0.8847583643122676,0.9007421150278293,0.862453531598513,0.8970315398886828,0.10677852994218204,0.08879471953901671,0.00910295179072373,0.0033412828222594
2.45951517422994,0.49831287066141766,0.8737623762376238,0.9009927052943517,gini,12,log2,40,1e-05,3,5,0.0,600,,,,Pipeline,3820,,,,1,0.8740740740740741,0.9052044609665427,0.8847583643122676,0.9007421150278293,0.862453531598513,0.8970315398886828,0.1412686837046534,0.052912775871916264,0.00910295179072373,0.0033412828222594
2.4895872275034585,0.48677770296732586,0.8737623762376238,0.9009927052943517,gini,12,log2,40,1e-05,3,5,0.0,600,,,,Pipeline,2480,,,,1,0.8740740740740741,0.9052044609665427,0.8847583643122676,0.9007421150278293,0.862453531598513,0.8970315398886828,0.046211835486739176,0.017925473309589914,0.00910295179072373,0.0033412828222594
2.4960628350575766,0.4597194989522298,0.8737623762376238,0.9009927052943517,gini,12,log2,40,1e-05,3,5,0.0,600,,,,Pipeline,1580,,,,1,0.8740740740740741,0.9052044609665427,0.8847583643122676,0.9007421150278293,0.862453531598513,0.8970315398886828,0.01806478731368908,0.04387003933469323,0.00910295179072373,0.0033412828222594
2.5676142374674478,0.43841107686360675,0.8737623762376238,0.9009927052943517,gini,12,log2,40,1e-05,3,5,0.0,600,,,,Pipeline,3620,,,,1,0.8740740740740741,0.9052044609665427,0.8847583643122676,0.9007421150278293,0.862453531598513,0.8970315398886828,0.18643157657075754,0.06029994371995281,0.00910295179072373,0.0033412828222594
2.5790860652923584,0.44625624020894367,0.8737623762376238,0.9009927052943517,gini,12,log2,40,1e-05,3,5,0.0,600,,,,Pipeline,460,,,,1,0.8740740740740741,0.9052044609665427,0.8847583643122676,0.9007421150278293,0.862453531598513,0.8970315398886828,0.023198607421998137,0.06597454915996134,0.00910295179072373,0.0033412828222594
2.572908322016398,0.4663405418395996,0.8737623762376238,0.9009927052943517,gini,12,log2,40,1e-05,3,5,0.0,600,,,,Pipeline,2660,,,,1,0.8740740740740741,0.9052044609665427,0.8847583643122676,0.9007421150278293,0.862453531598513,0.8970315398886828,0.12922085577700954,0.008064852295100233,0.00910295179072373,0.0033412828222594
2.407090425491333,0.48965875307718915,0.8737623762376238,0.9009927052943517,gini,12,log2,40,1e-05,3,5,0.0,600,,,,Pipeline,2200,,,,1,0.8740740740740741,0.9052044609665427,0.8847583643122676,0.9007421150278293,0.862453531598513,0.8970315398886828,0.03622820363510156,0.03322130629039633,0.00910295179072373,0.0033412828222594
2.5577268600463867,0.44373559951782227,0.8737623762376238,0.9009927052943517,gini,12,log2,40,1e-05,3,5,0.0,600,,,,Pipeline,700,,,,1,0.8740740740740741,0.9052044609665427,0.8847583643122676,0.9007421150278293,0.862453531598513,0.8970315398886828,0.24384496671828562,0.03942965864966957,0.00910295179072373,0.0033412828222594
2.4755895137786865,0.3706662654876709,0.8737623762376238,0.9009927052943517,gini,12,log2,40,1e-05,3,5,0.0,600,,,,Pipeline,1220,,,,1,0.8740740740740741,0.9052044609665427,0.8847583643122676,0.9007421150278293,0.862453531598513,0.8970315398886828,0.04402848593959976,0.026657296991834844,0.00910295179072373,0.0033412828222594
2.7422986030578613,0.3643542130788167,0.8737623762376238,0.9009927052943517,gini,12,log2,40,1e-05,3,5,0.0,600,,,,Pipeline,540,,,,1,0.8740740740740741,0.9052044609665427,0.8847583643122676,0.9007421150278293,0.862453531598513,0.8970315398886828,0.19014858952792063,0.012363259504467632,0.00910295179072373,0.0033412828222594
2.6582812468210855,0.4325230121612549,0.8737623762376238,0.9009927052943517,gini,12,log2,40,1e-05,3,5,0.0,600,,,,Pipeline,2360,,,,1,0.8740740740740741,0.9052044609665427,0.8847583643122676,0.9007421150278293,0.862453531598513,0.8970315398886828,0.19954539839720803,0.026657523850241203,0.00910295179072373,0.0033412828222594
2.595024665196737,0.43625370661417645,0.8737623762376238,0.9009927052943517,gini,12,log2,40,1e-05,3,5,0.0,600,,,,Pipeline,1480,,,,1,0.8740740740740741,0.9052044609665427,0.8847583643122676,0.9007421150278293,0.862453531598513,0.8970315398886828,0.04709233394380208,0.04216595942351153,0.00910295179072373,0.0033412828222594
2.418027400970459,0.4743717511494954,0.8737623762376238,0.9009927052943517,gini,12,log2,40,1e-05,3,5,0.0,600,,,,Pipeline,1460,,,,1,0.8740740740740741,0.9052044609665427,0.8847583643122676,0.9007421150278293,0.862453531598513,0.8970315398886828,0.03644389008741337,0.024992237749008443,0.00910295179072373,0.0033412828222594
2.6007495721181235,0.39811134338378906,0.8737623762376238,0.9009927052943517,gini,12,log2,40,1e-05,3,5,0.0,600,,,,Pipeline,1500,,,,1,0.8740740740740741,0.9052044609665427,0.8847583643122676,0.9007421150278293,0.862453531598513,0.8970315398886828,0.07692526690127226,0.05445838267837508,0.00910295179072373,0.0033412828222594
2.428212324778239,0.44965362548828125,0.8737623762376238,0.9009927052943517,gini,12,log2,40,1e-05,3,5,0.0,600,,,,Pipeline,720,,,,1,0.8740740740740741,0.9052044609665427,0.8847583643122676,0.9007421150278293,0.862453531598513,0.8970315398886828,0.15610591286963157,0.06809510909474796,0.00910295179072373,0.0033412828222594
2.71091095606486,0.4331474304199219,0.8737623762376238,0.9009927052943517,gini,12,log2,40,1e-05,3,5,0.0,600,,,,Pipeline,80,,,,1,0.8740740740740741,0.9052044609665427,0.8847583643122676,0.9007421150278293,0.862453531598513,0.8970315398886828,0.09762217912399405,0.06451030104303478,0.00910295179072373,0.0033412828222594
2.5913167794545493,0.42929689089457196,0.8737623762376238,0.9009927052943517,gini,12,log2,40,1e-05,3,5,0.0,600,,,,Pipeline,4020,,,,1,0.8740740740740741,0.9052044609665427,0.8847583643122676,0.9007421150278293,0.862453531598513,0.8970315398886828,0.18383725360547373,0.05871350718060002,0.00910295179072373,0.0033412828222594
2.4183263778686523,0.40895581245422363,0.8737623762376238,0.9009927052943517,gini,12,log2,40,1e-05,3,5,0.0,600,,,,Pipeline,3980,,,,1,0.8740740740740741,0.9052044609665427,0.8847583643122676,0.9007421150278293,0.862453531598513,0.8970315398886828,0.16449865637025196,0.0862307087216009,0.00910295179072373,0.0033412828222594
2.675004720687866,0.3929423491160075,0.8737623762376238,0.9009927052943517,gini,12,log2,40,1e-05,3,5,0.0,600,,,,Pipeline,1040,,,,1,0.8740740740740741,0.9052044609665427,0.8847583643122676,0.9007421150278293,0.862453531598513,0.8970315398886828,0.274078395039155,0.04786943405836225,0.00910295179072373,0.0033412828222594
2.485499620437622,0.4437557856241862,0.8737623762376238,0.9009927052943517,gini,12,log2,40,1e-05,3,5,0.0,600,,,,Pipeline,1520,,,,1,0.8740740740740741,0.9052044609665427,0.8847583643122676,0.9007421150278293,0.862453531598513,0.8970315398886828,0.06716761117074897,0.09802640082394944,0.00910295179072373,0.0033412828222594
2.4865152835845947,0.39420302708943683,0.8737623762376238,0.9009927052943517,gini,12,log2,40,1e-05,3,5,0.0,600,,,,Pipeline,2760,,,,1,0.8740740740740741,0.9052044609665427,0.8847583643122676,0.9007421150278293,0.862453531598513,0.8970315398886828,0.040316483114280995,0.067503219714116,0.00910295179072373,0.0033412828222594
2.5480019251505532,0.4255825678507487,0.8737623762376238,0.9009927052943517,gini,12,log2,40,1e-05,3,5,0.0,600,,,,Pipeline,1980,,,,1,0.8740740740740741,0.9052044609665427,0.8847583643122676,0.9007421150278293,0.862453531598513,0.8970315398886828,0.20554303929746817,0.059007273032122505,0.00910295179072373,0.0033412828222594
2.6651979287465415,0.4721476236979167,0.8737623762376238,0.9009927052943517,gini,12,log2,40,1e-05,3,5,0.0,600,,,,Pipeline,340,,,,1,0.8740740740740741,0.9052044609665427,0.8847583643122676,0.9007421150278293,0.862453531598513,0.8970315398886828,0.16066278328215006,0.11515249522218828,0.00910295179072373,0.0033412828222594
2.5032787322998047,0.4301258722941081,0.8737623762376238,0.9009927052943517,gini,12,log2,40,1e-05,3,5,0.0,600,,,,Pipeline,360,,,,1,0.8740740740740741,0.9052044609665427,0.8847583643122676,0.9007421150278293,0.862453531598513,0.8970315398886828,0.13507177477085078,0.05961260427428571,0.00910295179072373,0.0033412828222594
2.5663174788157144,0.4683534304300944,0.8737623762376238,0.9009927052943517,gini,12,log2,40,1e-05,3,5,0.0,600,,,,Pipeline,940,,,,1,0.8740740740740741,0.9052044609665427,0.8847583643122676,0.9007421150278293,0.862453531598513,0.8970315398886828,0.2864424454552928,0.028319839637309684,0.00910295179072373,0.0033412828222594
2.739584763844808,0.4634540875752767,0.8737623762376238,0.9009927052943517,gini,12,log2,40,1e-05,3,5,0.0,600,,,,Pipeline,3260,,,,1,0.8740740740740741,0.9052044609665427,0.8847583643122676,0.9007421150278293,0.862453531598513,0.8970315398886828,0.20801524141987704,0.016057115414867592,0.00910295179072373,0.0033412828222594
2.453762690226237,0.41862058639526367,0.8737623762376238,0.9009927052943517,gini,12,log2,40,1e-05,3,5,0.0,600,,,,Pipeline,1680,,,,1,0.8740740740740741,0.9052044609665427,0.8847583643122676,0.9007421150278293,0.862453531598513,0.8970315398886828,0.10128132926568717,0.05456039735740908,0.00910295179072373,0.0033412828222594
2.5875865618387857,0.4662926991780599,0.8737623762376238,0.9009927052943517,gini,12,log2,40,1e-05,3,5,0.0,600,,,,Pipeline,3040,,,,1,0.8740740740740741,0.9052044609665427,0.8847583643122676,0.9007421150278293,0.862453531598513,0.8970315398886828,0.23065594232296763,0.011244502640935454,0.00910295179072373,0.0033412828222594
2.471128543217977,0.490414301554362,0.8737623762376238,0.9009927052943517,gini,12,log2,40,1e-05,3,5,0.0,600,,,,Pipeline,980,,,,1,0.8740740740740741,0.9052044609665427,0.8847583643122676,0.9007421150278293,0.862453531598513,0.8970315398886828,0.08468646472402208,0.024576335732733195,0.00910295179072373,0.0033412828222594
2.52554988861084,0.4622342586517334,0.8737623762376238,0.9009927052943517,gini,12,log2,40,1e-05,3,5,0.0,600,,,,Pipeline,680,,,,1,0.8740740740740741,0.9052044609665427,0.8847583643122676,0.9007421150278293,0.862453531598513,0.8970315398886828,0.14329201879480818,0.003837392958715498,0.00910295179072373,0.0033412828222594
2.59338108698527,0.3998421827952067,0.8737623762376238,0.9009927052943517,gini,12,log2,40,1e-05,3,5,0.0,600,,,,Pipeline,4060,,,,1,0.8740740740740741,0.9052044609665427,0.8847583643122676,0.9007421150278293,0.862453531598513,0.8970315398886828,0.07493644523905736,0.041230375026153045,0.00910295179072373,0.0033412828222594
2.4983981450398765,0.44353659947713214,0.8737623762376238,0.9009927052943517,gini,12,log2,40,1e-05,3,5,0.0,600,,,,Pipeline,1380,,,,1,0.8740740740740741,0.9052044609665427,0.8847583643122676,0.9007421150278293,0.862453531598513,0.8970315398886828,0.026988716921946005,0.04458398474479147,0.00910295179072373,0.0033412828222594
2.4635397593180337,0.42864179611206055,0.8737623762376238,0.9009927052943517,gini,12,log2,40,1e-05,3,5,0.0,600,,,,Pipeline,1660,,,,1,0.8740740740740741,0.9052044609665427,0.8847583643122676,0.9007421150278293,0.862453531598513,0.8970315398886828,0.17146315015321298,0.06404342551910136,0.00910295179072373,0.0033412828222594
2.581002950668335,0.372509241104126,0.8737623762376238,0.9009927052943517,gini,12,log2,40,1e-05,3,5,0.0,600,,,,Pipeline,800,,,,1,0.8740740740740741,0.9052044609665427,0.8847583643122676,0.9007421150278293,0.862453531598513,0.8970315398886828,0.06698860250679883,0.001822892836433117,0.00910295179072373,0.0033412828222594
2.685446818669637,0.481980562210083,0.8737623762376238,0.9009927052943517,gini,12,log2,40,1e-05,3,5,0.0,600,,,,Pipeline,2860,,,,1,0.8740740740740741,0.9052044609665427,0.8847583643122676,0.9007421150278293,0.862453531598513,0.8970315398886828,0.19030685874455608,0.004253208691392962,0.00910295179072373,0.0033412828222594
2.6149044831593833,0.39100106557210285,0.8737623762376238,0.9009927052943517,gini,12,log2,40,1e-05,3,5,0.0,600,,,,Pipeline,3220,,,,1,0.8740740740740741,0.9052044609665427,0.8847583643122676,0.9007421150278293,0.862453531598513,0.8970315398886828,0.14911443169073071,0.046626816714619296,0.00910295179072373,0.0033412828222594
2.777180035909017,0.4066344102223714,0.8737623762376238,0.9009927052943517,gini,12,log2,40,1e-05,3,5,0.0,600,,,,Pipeline,620,,,,1,0.8740740740740741,0.9052044609665427,0.8847583643122676,0.9007421150278293,0.862453531598513,0.8970315398886828,0.061158948587880235,0.06613349826201126,0.00910295179072373,0.0033412828222594
2.4755138556162515,0.4225643475850423,0.8737623762376238,0.9009927052943517,gini,12,log2,40,1e-05,3,5,0.0,600,,,,Pipeline,3420,,,,1,0.8740740740740741,0.9052044609665427,0.8847583643122676,0.9007421150278293,0.862453531598513,0.8970315398886828,0.17150163233900623,0.06867905451228831,0.00910295179072373,0.0033412828222594
2.490265130996704,0.41891249020894367,0.8737623762376238,0.9009927052943517,gini,12,log2,40,1e-05,3,5,0.0,600,,,,Pipeline,780,,,,1,0.8740740740740741,0.9052044609665427,0.8847583643122676,0.9007421150278293,0.862453531598513,0.8970315398886828,0.03100485012084408,0.06538756893849053,0.00910295179072373,0.0033412828222594
2.5171600182851157,0.4258662859598796,0.8737623762376238,0.9009927052943517,gini,12,log2,40,1e-05,3,5,0.0,600,,,,Pipeline,4080,,,,1,0.8740740740740741,0.9052044609665427,0.8847583643122676,0.9007421150278293,0.862453531598513,0.8970315398886828,0.12799050103804877,0.056085061666526485,0.00910295179072373,0.0033412828222594
2.5474319458007812,0.41747482617696124,0.8737623762376238,0.9009927052943517,gini,12,log2,40,1e-05,3,5,0.0,600,,,,Pipeline,3880,,,,1,0.8740740740740741,0.9052044609665427,0.8847583643122676,0.9007421150278293,0.862453531598513,0.8970315398886828,0.09192035465681128,0.04289885892422436,0.00910295179072373,0.0033412828222594
2.429731845855713,0.43735114733378094,0.8737623762376238,0.9009927052943517,gini,12,log2,40,1e-05,3,5,0.0,600,,,,Pipeline,1240,,,,1,0.8740740740740741,0.9052044609665427,0.8847583643122676,0.9007421150278293,0.862453531598513,0.8970315398886828,0.03352651951823232,0.06764613954464509,0.00910295179072373,0.0033412828222594
2.670725663503011,0.47649192810058594,0.8737623762376238,0.9009927052943517,gini,12,log2,40,1e-05,3,5,0.0,600,,,,Pipeline,1880,,,,1,0.8740740740740741,0.9052044609665427,0.8847583643122676,0.9007421150278293,0.862453531598513,0.8970315398886828,0.1532711451608207,0.014234852057224688,0.00910295179072373,0.0033412828222594
2.3707170486450195,0.39328281084696454,0.8737623762376238,0.9009927052943517,gini,12,log2,40,1e-05,3,5,0.0,600,,,,Pipeline,2780,,,,1,0.8740740740740741,0.9052044609665427,0.8847583643122676,0.9007421150278293,0.862453531598513,0.8970315398886828,0.1268501343494473,0.057158065924234294,0.00910295179072373,0.0033412828222594
2.576071818669637,0.34996310869852704,0.8737623762376238,0.9009927052943517,gini,12,log2,40,1e-05,3,5,0.0,600,,,,Pipeline,3840,,,,1,0.8740740740740741,0.9052044609665427,0.8847583643122676,0.9007421150278293,0.862453531598513,0.8970315398886828,0.031547953052062205,0.004880124356320423,0.00910295179072373,0.0033412828222594
2.530388037363688,0.3963933785756429,0.8737623762376238,0.9009927052943517,gini,12,log2,40,1e-05,3,5,0.0,600,,,,Pipeline,420,,,,1,0.8740740740740741,0.9052044609665427,0.8847583643122676,0.9007421150278293,0.862453531598513,0.8970315398886828,0.05367355310776672,0.05413026642868968,0.00910295179072373,0.0033412828222594
2.546459197998047,0.42948166529337567,0.8737623762376238,0.9009927052943517,gini,12,log2,40,1e-05,3,5,0.0,600,,,,Pipeline,4100,,,,1,0.8740740740740741,0.9052044609665427,0.8847583643122676,0.9007421150278293,0.862453531598513,0.8970315398886828,0.035436565285066245,0.05540513716508903,0.00910295179072373,0.0033412828222594
2.5827836990356445,0.46149730682373047,0.8737623762376238,0.9009927052943517,gini,12,log2,40,1e-05,3,5,0.0,600,,,,Pipeline,3760,,,,1,0.8740740740740741,0.9052044609665427,0.8847583643122676,0.9007421150278293,0.862453531598513,0.8970315398886828,0.16607745379395475,0.10393171876203194,0.00910295179072373,0.0033412828222594
2.431934356689453,0.3604036172231038,0.8737623762376238,0.9009927052943517,gini,12,log2,40,1e-05,3,5,0.0,600,,,,Pipeline,1960,,,,1,0.8740740740740741,0.9052044609665427,0.8847583643122676,0.9007421150278293,0.862453531598513,0.8970315398886828,0.09320930858918298,0.12254852437655493,0.00910295179072373,0.0033412828222594
